Country,2000,2001,2002,2003,2004,2005,2006,2007,2008,2009,2010,2011,2012,2013,2014,2015,2016,2017,2018,2019,2020,2021
Afghanistan,-0.09971315464455331,-0.09810716428943725,-0.09534397143540886,-0.08983102213932358,-0.08546119261962251,-0.08503905336308505,-0.0838758271425515,-0.08526068456957708,-0.08836371013146947,-0.08931971877333934,-0.0904152864918675,-0.08686916959177518,-0.08557365875416684,-0.08417493379108833,-0.08462503869021618,-0.08564637280824129,-0.08370116981290808,-0.08122708527414292,-0.08064328373120176,-0.07843705711676584,-0.0737404025686621,-0.08093878210178947
Albania,-0.16223142590908782,-0.17047941927178087,-0.16568912286337725,-0.1589849826733815,-0.15503528781682976,-0.1539578980363873,-0.15754502772567638,-0.1592699627666849,-0.15912956682916468,-0.15760546256674565,-0.15823492040109408,-0.15792892627404684,-0.15247594125017602,-0.153107471448325,-0.15294173898808194,-0.1503047505979863,-0.14580779161034244,-0.14202069788726143,-0.1377817666600618,-0.13269298091632123,-0.12799182721042737,-0.15135574484097647
Algeria,-0.10202817655193737,-0.10029132134045711,-0.10034268053630381,-0.09960907447092214,-0.09584833166062454,-0.09522194823654244,-0.09423944007960872,-0.09336051742151885,-0.09209833447365923,-0.08976459414165161,-0.08686079143114837,-0.08293362625680871,-0.0822225001861558,-0.0784821663294164,-0.07661090051657012,-0.07623192153815053,-0.07377666174760336,-0.0717708766845922,-0.06755358778403475,-0.06415996257412485,-0.05649864090336506,-0.05127307552835042
Andorra,-0.2003683693787181,-0.19642162784719638,-0.19470299951093328,-0.1911325561428972,-0.18541544163576437,-0.18538618698925632,-0.19036250510316993,-0.1919102683246951,-0.1907000925198993,-0.18796689383279455,-0.18713449307735552,-0.18650254975993122,-0.18794583299947482,-0.18814004812113616,-0.18913631985753498,-0.1906660005654618,-0.1893006767949976,-0.18945631406585423,-0.18912023605514916,-0.188159961256954,-0.18840686511159652,-0.18618773888296536
Angola,-0.13882085817875817,-0.1387927307446919,-0.13755153534001008,-0.13282721853174517,-0.1279774924764135,-0.1296872694724171,-0.1294774074604399,-0.1319277040456215,-0.1319674028214175,-0.13039786198495262,-0.13117614892830795,-0.12889235560900766,-0.12949454727392665,-0.12790662656141288,-0.1309832189480712,-0.1296895453311551,-0.12810343892955875,-0.12747401153670473,-0.12193902495188408,-0.1176158371811113,-0.11269491323825297,-0.10927501374460676
Antigua and Barbuda,-0.20018713143097683,-0.1963305716724947,-0.19459439028843567,-0.19100988216338108,-0.1853259755189335,-0.18528006492046614,-0.19028333675179457,-0.19181058034630033,-0.190641894337729,-0.18790164623203162,-0.18703722530831035,-0.18637037842716117,-0.187785018074211,-0.18793741618677365,-0.18889532723479296,-0.1904086920400146,-0.18909435359549195,-0.1892589247757685,-0.18895033893852994,-0.1879888021795077,-0.18817695587645467,-0.18612514238236685
Argentina,-0.019283336848874476,-0.020528229887251972,-0.022652566744739706,-0.020510558121670738,-0.02939981629517165,-0.042285575307804094,-0.04444218110909099,-0.044119086671324276,-0.05043602710695762,-0.055626825244465654,-0.05178523587826113,-0.05666217022707891,-0.05841101826416085,-0.056259322605662916,-0.05179203171329036,-0.04880084409073109,-0.04545113481689784,-0.058818488446266366,-0.06556288682695091,-0.06794259429730463,-0.07880370563194326,-0.07383916589833688
Armenia,-0.17707612315267426,-0.17426374300918232,-0.17169996252330938,-0.1690725162882885,-0.16508603659906104,-0.16488515843945287,-0.16962905798726793,-0.1705055363612441,-0.16968301793574356,-0.1689215557272752,-0.1696402313509752,-0.169245097538413,-0.17124680180697735,-0.1730668336393001,-0.1736170575954701,-0.17658993507946238,-0.17531947887698818,-0.17573418574806227,-0.1786222384137261,-0.17690331154476682,-0.176433459259872,-0.17347483598778365
Australia,-0.11630614342205452,-0.11705591454012754,-0.11650141874514723,-0.11835801109645086,-0.11544281555449251,-0.11555600597384084,-0.11760935187698415,-0.1207363131476595,-0.11812274209394648,-0.12110881001991562,-0.12155178654161572,-0.1195387143356937,-0.1229753171411493,-0.12493760793075044,-0.12487231797810162,-0.12602889654281732,-0.12829380405384208,-0.1305669833680904,-0.13181174639862692,-0.1324350339288802,-0.13529237290695975,-0.1323336233469142
Austria,-0.1387912950306285,-0.14218986721597457,-0.14229371188653026,-0.14548348935102914,-0.1514746650951884,-0.15176449551819995,-0.15461354199982494,-0.15696470903420062,-0.15704895169329344,-0.1554124116528562,-0.15535540120261934,-0.1558961404430954,-0.15517285022038532,-0.15598637311335992,-0.15841824693233836,-0.158446822482525,-0.1612548123031173,-0.16101255085815924,-0.16218655576854732,-0.16089706456518266,-0.16154511382013392,-0.16037981415611263
Azerbaijan,-0.15516728065321064,-0.1547634940957277,-0.1521742105662789,-0.14717746017025407,-0.14213765581138907,-0.14044110805003368,-0.13840800004652276,-0.1461655472561696,-0.14060645906604632,-0.14041720332597923,-0.1408275172889265,-0.14129057106216017,-0.1439688258580308,-0.1462889126898393,-0.1484630893059125,-0.1528723439832337,-0.15176060637962308,-0.154013548651808,-0.15485527596434204,-0.15643366332028683,-0.15333643194468133,-0.15896168680175768
Bahamas,-0.19959931405674375,-0.19566101762043694,-0.19398364719735747,-0.19033797161056068,-0.18457057488565295,-0.18458951594929152,-0.18953568987108618,-0.19105092102945875,-0.18980398510623347,-0.18704357538836341,-0.18617419071542693,-0.18556072765556045,-0.1869841001203617,-0.1872100643671131,-0.18813049825986777,-0.1896909914461196,-0.18829486534463738,-0.1884511693946767,-0.18811197887629633,-0.18713692728573525,-0.18732017563318507,-0.1851770597290235
Bahrain,-0.19848687139880183,-0.19458793118950504,-0.1928972992708573,-0.18927311526805146,-0.18354431836302645,-0.18346105362196466,-0.18841507344595523,-0.18993970774930283,-0.188767141715808,-0.18606533333063183,-0.18519208695698822,-0.18457697213974114,-0.1860602473108854,-0.18631011960163255,-0.1873498588668563,-0.1888117142787299,-0.18735554587437014,-0.18751100241967,-0.18721141454717147,-0.18625094946940912,-0.18631680042808918,-0.18400397224143927
Bangladesh,0.4133794691759629,0.40916936578084595,0.4293157311628804,0.42393611465745124,0.406699113144843,0.4253521887388159,0.4875646266835857,0.5092164520371232,0.4934117068385811,0.4827542543825044,0.47539543187710265,0.4187950661177261,0.3816785785524937,0.38725193617571496,0.4086497753320893,0.4207159361687444,0.43070166949785793,0.4796066865737582,0.49171319264789615,0.5044863463078633,0.5288821771065991,0.5050668186403969
Barbados,-0.19865542958137794,-0.19479916033895833,-0.1930709845313199,-0.1895320193705089,-0.18396765868694473,-0.1840236284444668,-0.188982914240489,-0.1904719307895104,-0.18934942477033806,-0.18667804723797715,-0.18579477702178526,-0.18514596914812553,-0.18659927836354176,-0.18679575963775874,-0.18776668426427143,-0.18930245615078586,-0.1879296404599392,-0.1880904426999556,-0.18772516150561938,-0.18668343897385686,-0.18701267600610044,-0.18488136133440525
Belarus,-0.061725336239148186,-0.05761912885270329,-0.050979629097702435,-0.05616570771511081,-0.05775811779169128,-0.05707356354752437,-0.0596189004499124,-0.0661434224955511,-0.07044692380247326,-0.0704774387526537,-0.07241814692980547,-0.07709636796120573,-0.08513341985843376,-0.08824693741852549,-0.09381536734171683,-0.09609329549250564,-0.0962985988890328,-0.09866578150916543,-0.0989543017107278,-0.10256887587499604,-0.10584183726793149,-0.10743822687629871
Belgium,-0.1370594044973078,-0.13704982556351997,-0.13701705522859028,-0.1371422058528613,-0.13570756391421865,-0.1375208914068245,-0.1415979722693919,-0.14414871176734967,-0.14280967596249375,-0.14186161766330282,-0.14180221898170658,-0.14188904888052703,-0.14260999527360432,-0.14345632356247964,-0.14597521539226507,-0.14696031785867034,-0.14697680550375652,-0.1485422480013889,-0.1486437825752219,-0.1505575955008234,-0.1539551941208642,-0.1524168230016191
Belize,-0.1998110110055883,-0.19601802929377668,-0.19435479796005375,-0.1908029534090338,-0.18508472712148846,-0.18507601531284165,-0.1900234474257464,-0.19155822207506767,-0.19037638772403898,-0.1875721045522289,-0.18672437237695821,-0.18607921922916154,-0.18752055906952417,-0.18770836160812032,-0.18869339564497004,-0.19023827066661125,-0.18887524130024075,-0.18900197259752624,-0.18865707459303654,-0.18770287468395577,-0.1878614534152284,-0.18569381823645187
Benin,-0.16640010544243852,-0.16355445160171855,-0.16247137488007063,-0.16031391025821876,-0.15536395438206113,-0.15508397755713121,-0.15796447360580623,-0.15845978256696552,-0.15698304195075274,-0.15400793639845892,-0.15290329346729128,-0.15113003754988055,-0.15136602013567804,-0.15101424973604294,-0.1513858659700076,-0.1518706848458661,-0.150746646124894,-0.1508597858314791,-0.15062396087217964,-0.14988343174205868,-0.14855412905768467,-0.14742784038053566
Bhutan,-0.1990533261252023,-0.19510707049948658,-0.19339872996024576,-0.1898266679228947,-0.18410908419667665,-0.18404484123477807,-0.18893497408318463,-0.1904571622001186,-0.18925393396418905,-0.18652867388794842,-0.18569600570815323,-0.18501524579227013,-0.18639695904099068,-0.18653882421148732,-0.18748413116751572,-0.18895161242107594,-0.1875695085779716,-0.18768768146467038,-0.18741622278097989,-0.18654160303926773,-0.18679707647439064,-0.18468137433871207
Bolivia,-0.16369862634458565,-0.1621324929665518,-0.16227716957227328,-0.1611404094779913,-0.157193943135419,-0.15769809073028682,-0.1618397583063748,-0.1628770061182687,-0.16226540055790648,-0.16002800097337272,-0.1596331590382777,-0.15874002502256218,-0.16006692014332655,-0.16020798840217873,-0.1609914506024222,-0.1624258840675743,-0.16158806444845158,-0.1619474146706778,-0.16203194939242382,-0.16153223821091756,-0.1602516226276783,-0.16027969089769264
Bosnia and Herzegovina,-0.15768193995017887,-0.15506333096169667,-0.15414317622969728,-0.15230928112009065,-0.14739000146946793,-0.14631519121478148,-0.1490989600882269,-0.1471705497642827,-0.14824210876404317,-0.14586319520376445,-0.14640873262415552,-0.14595942782578653,-0.14826646005488453,-0.14869395660163265,-0.1495779562871456,-0.15006761746579483,-0.14973709980586472,-0.14987094140710736,-0.15014874219533922,-0.14863778892991902,-0.14798825978529884,-0.1476194707953032
Botswana,-0.19503956024452168,-0.19114175937995642,-0.1898194839467897,-0.18648760134863268,-0.18097384974799807,-0.1807402953249153,-0.18582789075825015,-0.18665018906964312,-0.1844149298317675,-0.18116132129752036,-0.18030707059413417,-0.17947644449831665,-0.1807116165523021,-0.1807887201949857,-0.18200744884364806,-0.18395401142693796,-0.18273862572130725,-0.1830697992155043,-0.1830501957169949,-0.18243641674465955,-0.18197836334199463,-0.1806843334447744
Brazil,0.5445953987818027,0.5323688995485706,0.5138771841694325,0.4931796794758535,0.4819411706305081,0.4592196579913146,0.5161401930430088,0.520042443419216,0.5204110243800691,0.5119272472060854,0.49927784975277617,0.5068883598714331,0.5036487199985716,0.4979944879304185,0.48759130909010273,0.49045302118969836,0.4956455465275508,0.47352518730062226,0.4529961060188432,0.44612067125556265,0.4646240298536913,0.47549671965742435
Brunei,-0.20000768518918283,-0.1960590575120289,-0.19427738432353545,-0.1907248384121665,-0.18505307168054308,-0.18502853353288462,-0.189970017937453,-0.19148868663334784,-0.19026167826352938,-0.18753110357344926,-0.1866871885627513,-0.18610817876745472,-0.18754242194922197,-0.18771588593728922,-0.18867241196508341,-0.19011825887177228,-0.18867310568075796,-0.18872045840354934,-0.18830286650764624,-0.18733220008322338,-0.18753884910118768,-0.1853656796984886
Bulgaria,-0.0021045980501562395,-0.013604982755374459,-0.014583329813223182,-0.02074891524440743,-0.02680693726631322,-0.03387897556605699,-0.027801335208357283,-0.0280903058538619,-0.035903049369863646,-0.04309869595583961,-0.04099539512216576,-0.04999139850032163,-0.04205927950023201,-0.04788439427187632,-0.040803035498323724,-0.043580735679283236,-0.05892014642697372,-0.05543735951210284,-0.0554908376985487,-0.05903963700060559,-0.054019723278816725,-0.04778573416664924
Burkina Faso,-0.16408942497638823,-0.16037648522535736,-0.15873647056362364,-0.15666511924112494,-0.15173311626460748,-0.1513204798525061,-0.1534813369870504,-0.15389881141224865,-0.1523560454819516,-0.1490819785177129,-0.14840116051635635,-0.14675494634270017,-0.14665094523315042,-0.14597312417727779,-0.14662960394673444,-0.14749950379819984,-0.14615111658329932,-0.1463413797460383,-0.14626878530144968,-0.14603737395346816,-0.14400072842669948,-0.14366680801746146
Burundi,-0.17134831488637828,-0.16965733289218868,-0.16971162746941612,-0.16785580682346452,-0.16297267021077072,-0.16374931522344235,-0.16790925058839906,-0.16987479452263526,-0.16919953924845915,-0.16586825118379697,-0.1645668671142923,-0.16359393323588198,-0.1643035837959963,-0.16388091094299864,-0.16438528472302996,-0.16602120851671742,-0.16466084276253734,-0.16450169683879218,-0.16388574615682544,-0.16257487464943093,-0.16152534522983703,-0.15736376319692746
Cambodia,-0.13379016134947766,-0.13161901295783923,-0.1333488250846359,-0.13163063051747606,-0.12667622565352218,-0.12552497130993975,-0.12641612955298068,-0.1250281267607105,-0.12328906581615197,-0.11961436858905947,-0.11719543958697258,-0.11386171812500516,-0.11178766071011935,-0.10951716607261612,-0.10748271813234866,-0.10610641831719785,-0.10305044919781416,-0.10065089478539237,-0.09852654461549779,-0.09599012673475849,-0.09284894454502463,-0.09220407604034431
Cameroon,-0.1345774093779933,-0.12861462241450308,-0.12701286093640327,-0.12380472362898985,-0.12020856851959218,-0.11858705218177233,-0.11901260785548456,-0.1187101242188914,-0.11769987145144815,-0.11549114497918268,-0.11517253600256792,-0.11349312112160957,-0.1119669480150209,-0.11060930203663567,-0.10968054062595682,-0.11118645515885048,-0.11153459950200607,-0.11280803194154591,-0.11394087156218762,-0.11361124108168882,-0.11139638715014534,-0.11241329916391583
Canada,-0.09025308506659692,-0.09142571894706547,-0.0930411874318596,-0.0953417464163772,-0.09716861515321502,-0.10096410528072415,-0.10342516457154924,-0.10306938808769901,-0.10442526372573227,-0.10180525423940585,-0.10478859445629891,-0.10633860926720305,-0.10786572899406187,-0.10725852577488434,-0.10745295734536267,-0.10791809926057887,-0.10940357398171434,-0.1090284959476138,-0.11217788754689502,-0.11149959885824662,-0.1121822018641722,-0.11240504639144887
Cape Verde,-0.1992124433956717,-0.19525450738701225,-0.19349110213594264,-0.18989548206799492,-0.1841341276878497,-0.1839841087255307,-0.18887989779559453,-0.19030633798095467,-0.1889905962268532,-0.1861441496006312,-0.18528790901008443,-0.1846344278637148,-0.186060305767783,-0.18625109153094319,-0.18721105269630442,-0.1887167338457239,-0.18726336252494755,-0.18740851182674087,-0.18671125935805308,-0.18582254157458988,-0.18603686022983668,-0.18395071850212413
Central African Republic,-0.18418933358679931,-0.1812325182284107,-0.17953331479854806,-0.1772969616355,-0.17193268133188788,-0.17263381297814762,-0.17588921303231184,-0.17750252480035197,-0.17655612685555241,-0.17309834608352878,-0.17282497010059164,-0.17020551166636796,-0.17320995979866563,-0.17302110438295573,-0.1734315758156414,-0.1749057811203852,-0.1734002656813672,-0.1735747379828824,-0.17307049389230342,-0.1721973230539266,-0.1717057452415236,-0.17137250708211083
Chad,-0.16681392060448658,-0.1643828907376853,-0.16240080125933057,-0.1605517810619088,-0.15507624679772028,-0.15393947487329498,-0.15657774661283955,-0.15769956942802177,-0.1560815725927669,-0.1534877254187775,-0.15271858879765382,-0.151566284034729,-0.1521638398739552,-0.15197433080674158,-0.15247271596036716,-0.15396493691312624,-0.15316678443352208,-0.15272806206467734,-0.15178912625905855,-0.15071130032656901,-0.14882145551735632,-0.14954724577766526
Chile,-0.1454828343612445,-0.14311717112302003,-0.14363844620345725,-0.14018644150509504,-0.13707418956804526,-0.13788017214574064,-0.14133344750828628,-0.13932442897093456,-0.1395461195151173,-0.13512194166514638,-0.12957180902544244,-0.13022953333015694,-0.12975304367505952,-0.12882686951720954,-0.13104832066960304,-0.13381180018008498,-0.133816260092393,-0.1349634725390665,-0.13644434751913959,-0.1365234641418558,-0.13597351479032613,-0.12719904936249843
China,12.847448618003535,12.9071133442114,12.926819150506267,12.976540795153301,13.073659617288659,13.07592259022684,13.007550358302492,12.973963926979401,12.985855203332992,13.044114511841235,13.054611829427765,13.046631103830391,13.006613581433692,12.968506005253673,12.92307546708251,12.895169795059394,12.891262578609647,12.8646679609012,12.840145334534691,12.841195701584006,12.861294373441444,12.943681190960797
Colombia,-0.1043152202818374,-0.1073727918107879,-0.10848792474595431,-0.10636483629726684,-0.10544818057608121,-0.10504968869467847,-0.10369139712451807,-0.10589455770256438,-0.103233586662245,-0.10645329037766159,-0.10714667282630747,-0.1064165104252117,-0.1069152198392856,-0.10443696066467915,-0.10460795398788333,-0.10119836369599125,-0.10287157162413413,-0.10215459255322015,-0.09821820875159465,-0.09939972082005251,-0.09912952638026025,-0.08911416536279129
Comoros,-0.1978828597592763,-0.19411074654141366,-0.19253433095694253,-0.18914211307486156,-0.1835224930774948,-0.18350725682277966,-0.18836536450422106,-0.18986260340551972,-0.1886352017375958,-0.1859194406392333,-0.18505514874230394,-0.18438288531410024,-0.1857667352280975,-0.18595355972403954,-0.18688996170546338,-0.18840254111694263,-0.187056812969765,-0.1872150859528305,-0.18687540189491586,-0.1859014347922769,-0.18598152937656606,-0.18388516346045258
Congo,-0.18312871257779328,-0.1806343003364753,-0.18021763600327825,-0.17808741245594,-0.1724162313577152,-0.17260388260277693,-0.17756913129266028,-0.17876579301545448,-0.17779738684235868,-0.17491070733401562,-0.1742261579983111,-0.17345147047549728,-0.17458749659032016,-0.174963956168126,-0.17626041999581193,-0.1782834541207958,-0.17744603387266086,-0.17767480828215168,-0.17692244516471156,-0.17553092401258538,-0.1761697367255092,-0.17433753618384298
Cook Islands,-0.20054230267913595,-0.19659546837840372,-0.19487323280081614,-0.19129869488720716,-0.18558542140645995,-0.18555472696707204,-0.19053554101445808,-0.19207130748485501,-0.1908472748791561,-0.18809697607482193,-0.18724257480169879,-0.18660066467566852,-0.18804643732022328,-0.18825022996454746,-0.1892529216909215,-0.1907878044439424,-0.1894239274610764,-0.18958012895426204,-0.18924420614475967,-0.1882816576703501,-0.18847899661667447,-0.1862774293912856
Costa Rica,-0.19290860166733417,-0.1891050392164622,-0.18864038029230604,-0.1853409826164063,-0.1796645666674182,-0.18004689860928794,-0.18461139401851048,-0.18606498371499236,-0.18515421543571353,-0.1819153853417807,-0.18015203201576907,-0.17935006507320522,-0.18045744596159072,-0.18054245881707015,-0.18116362590482843,-0.18335094637695704,-0.18214851647159666,-0.18135458899854331,-0.18119974208940412,-0.1795090433548127,-0.18020873001756238,-0.1779426482419438
Cote d'Ivoire,-0.1517792336187242,-0.1495716377740933,-0.14900210530508126,-0.1463435445850202,-0.14324489409051908,-0.14190775456043284,-0.14296280293096894,-0.14089119169803885,-0.13726355789204642,-0.13122531483151778,-0.12530764091970417,-0.12191073219821141,-0.12200475727050046,-0.1226554030672494,-0.12467916349537808,-0.12708952101290927,-0.12670490037975554,-0.12699912729158053,-0.12661793673805588,-0.12553007825070456,-0.12301348138641141,-0.12425457433558966
Croatia,-0.14174485337290632,-0.14029581937272517,-0.1399252125912049,-0.13957258528846783,-0.13804778454381256,-0.13734741146414176,-0.14057909144525793,-0.1400088915534561,-0.1413617100098217,-0.14026010173390716,-0.14247054455058583,-0.14225034808027273,-0.14466335225827046,-0.14528806025410912,-0.1462603260566524,-0.14677313183184537,-0.15104447360679146,-0.15449764365283272,-0.15487944519931915,-0.15989529792834378,-0.16167999602470656,-0.15967438377498977
Cuba,-0.14411755442943844,-0.14202787192842398,-0.1446817084230926,-0.14046163729561503,-0.13619661414605128,-0.13359658331646967,-0.1386338555204388,-0.1391391447098564,-0.13382263555615093,-0.13153119983147787,-0.12958632401356984,-0.13547398987689852,-0.13476087072070644,-0.13419696574661505,-0.13360565579506348,-0.13523870342286473,-0.13415075719395028,-0.13189193664868562,-0.13264155679950806,-0.1314817632590743,-0.1274831437528682,-0.12780762645165045
Cyprus,-0.19660020503634543,-0.192750661106353,-0.19116658350281765,-0.18775105823181543,-0.18235106622402636,-0.18232997601911996,-0.18659438434202094,-0.18900879433130532,-0.18768216131963295,-0.18511133789488357,-0.1840978534695492,-0.18348467627439902,-0.1849834128004221,-0.1854056835699039,-0.1864605809760385,-0.18808164252679271,-0.18655781188001166,-0.18686189533111888,-0.18653160685860865,-0.18556378900630116,-0.18596737866983876,-0.18384986858449323
Czechia,-0.08330946649155599,-0.08569493712632466,-0.08881207599408904,-0.08895333783989169,-0.10059149867340461,-0.1001510451808476,-0.10448106788357596,-0.11705998049751244,-0.11738917991371285,-0.11318618204119987,-0.11719410952829955,-0.12138546409264973,-0.1231742459636403,-0.12563007952682181,-0.13237099002090436,-0.13283661763329363,-0.1368504447635652,-0.1395617051756449,-0.14320444417837536,-0.14626444034174646,-0.14520035856442107,-0.14628241784719606
Democratic Republic of Congo,-0.023335555495653783,-0.019894873311619935,-0.019804818867269407,-0.015933627204055646,-0.010881558880616597,-0.009776538276500144,-0.0020083717198493517,0.006246356803165799,0.010443910428720858,0.011657786736149348,0.01267096879005912,0.017829581338317427,0.020656086162954536,0.024064991085158492,0.027140841190697974,0.028708681111389366,0.03143040107963926,0.03581024982830253,0.03729655434978574,0.03628372430808764,0.05060100946139735,0.0502822724836795
Denmark,-0.1635355811033857,-0.16039845517448598,-0.15733247741841216,-0.1562411706122125,-0.1533067017975908,-0.15538368813147457,-0.15952582231679124,-0.16292081960013108,-0.16387169448443317,-0.16215704316499469,-0.1618230717291047,-0.16363453450856902,-0.16554409761970523,-0.16564183728105408,-0.16714705087940784,-0.16782797568237143,-0.16809997773970578,-0.1688589984301189,-0.16842161553190818,-0.1696486800732894,-0.16995959043050027,-0.16768331017245977
Djibouti,-0.1979344746729106,-0.1940259107739954,-0.19216433085110615,-0.18862509513839748,-0.1829013793887052,-0.1829060921570811,-0.18774256940723022,-0.18915506490207346,-0.18802707290651186,-0.18524885340788394,-0.18449496272640598,-0.183680848186797,-0.1849786193348199,-0.18504492406672823,-0.18580654118079162,-0.18726803655349603,-0.1858335303028112,-0.18586651964347226,-0.18549194611594202,-0.18454231249138797,-0.18453587833761612,-0.18254250485557544
Dominica,-0.20005323586730334,-0.1961235115194122,-0.19441520744519808,-0.19085833299047045,-0.18516617698063073,-0.1851362247669855,-0.19009230803337568,-0.1916200655431459,-0.19039403996769932,-0.18764897401316388,-0.18678960308057468,-0.1861549194622599,-0.18762016962301364,-0.1878358085789269,-0.18887399479568384,-0.19044858035332815,-0.18909254275007664,-0.1892661817349628,-0.18894310460969324,-0.18798681508008336,-0.18820138837009237,-0.18602512293240558
Dominican Republic,-0.17858225873664121,-0.17511044631972583,-0.17353212787116284,-0.1700449720119353,-0.16325815430757754,-0.16170033403107298,-0.1645273347586129,-0.165600949360011,-0.164500005914924,-0.16181310689695855,-0.16178241819662031,-0.16058544264075675,-0.1596411785581952,-0.15767987212956072,-0.1579718932540856,-0.15852255246867097,-0.15721136425751198,-0.15692074232781889,-0.15666067945326795,-0.15645111757198749,-0.1539970632531284,-0.15498613425877172
East Timor,-0.19701774143382236,-0.19306353435779888,-0.1915577429097998,-0.18779725854124668,-0.18193679538873386,-0.18176908659639598,-0.18645733404499437,-0.1877947547475089,-0.1863987287370511,-0.18271794263000773,-0.18182391576776938,-0.1809422604885642,-0.18235197555551103,-0.1822801705581549,-0.18299310053294782,-0.1847510839834119,-0.18339556648462627,-0.18371248668630658,-0.18329144962259417,-0.1822303491638119,-0.18299016537244492,-0.18043021033786705
Ecuador,-0.16744087986249034,-0.16475214470195515,-0.16131362230287602,-0.16127317457772528,-0.15583463158532287,-0.1534913910012401,-0.15764633637870762,-0.15856827016320624,-0.15443111793380662,-0.15267360526459248,-0.15411462994659503,-0.14780837850765288,-0.15236592536891594,-0.15595983381280293,-0.15652146177427798,-0.15690626645137656,-0.15605994951797786,-0.15678129706576172,-0.15655304140906146,-0.15625858374938162,-0.1556732065151378,-0.15035747079784975
Egypt,0.13412238853131145,0.15172530336826606,0.15319886918196352,0.15503408286945433,0.14063320107557828,0.1340020690536411,0.150599238262788,0.15479024422920618,0.15709296708865164,0.16048838999542248,0.16173359353720956,0.16702553164202882,0.19983413512288986,0.17882142711808693,0.19383635674065564,0.22417297817766302,0.20286138228951425,0.1892190178306161,0.19276326754962633,0.19354116159215676,0.18037586888351412,0.1763081808490789
El Salvador,-0.18986697408657224,-0.1861087219676854,-0.1854857266601501,-0.18183091410736787,-0.1764769047231998,-0.1762310953943062,-0.18069798896385134,-0.18216275318293967,-0.18101515590003595,-0.1781673059391838,-0.17740690657190844,-0.1767227978401714,-0.1780542244448621,-0.17748734786196355,-0.17758454251054026,-0.1785458498514192,-0.1783130892930738,-0.17801884397072584,-0.17901289217090732,-0.17774031004555135,-0.1775266676031803,-0.1759723117915131
Equatorial Guinea,-0.1978594986701948,-0.19416461262150608,-0.1926119363696041,-0.189117553963006,-0.18350915215229044,-0.18350801234681813,-0.18838616296941288,-0.18989318669271862,-0.18861748924737007,-0.18580788258042433,-0.18484453684286137,-0.18412856264880956,-0.18558388205244314,-0.1859243956574934,-0.18696337552179793,-0.18838404218902913,-0.18694810565592782,-0.18696019921682053,-0.18647351300582918,-0.1854786659633917,-0.18554667338893602,-0.1834961931656888
Eritrea,-0.18519158632898522,-0.1822469078374237,-0.18083477163246695,-0.17822880971875193,-0.17246473849365554,-0.17219932853878545,-0.1762343699663899,-0.17759895138192272,-0.1760602373757969,-0.17303864393888854,-0.17216560797059588,-0.1714168891531717,-0.17264310326275756,-0.17251994906342702,-0.17351341797985287,-0.17489734098452467,-0.17379610517136776,-0.17385792685975027,-0.17347336928077692,-0.17259678374361767,-0.1723914980293292,-0.1702901481874339
Estonia,-0.17930638358639986,-0.1770139571229915,-0.1759736299517102,-0.17373048011705078,-0.17094457517431938,-0.17142944954356995,-0.17634824308812938,-0.1801547788477548,-0.1812372849866425,-0.17981507333241148,-0.17933994445292653,-0.1793332106219186,-0.18186438657273188,-0.18112439860093169,-0.18372043789145512,-0.18585385132365687,-0.18399105168166355,-0.18453386282157844,-0.18435747182109755,-0.1823283615002849,-0.18257857590261742,-0.18057419267008945
Eswatini,-0.19718940064592255,-0.19302852802319337,-0.19118486616181368,-0.18766795846472004,-0.18191719359073624,-0.18182708759565808,-0.18662298985573056,-0.1880736349438577,-0.1868953411755913,-0.18432417809652915,-0.18259031870662518,-0.18292442504657916,-0.1840587415943796,-0.18416930213274715,-0.18502648305315098,-0.18631811660513659,-0.18480791273072114,-0.18477825487813818,-0.18434070133152156,-0.18338861330666847,-0.1834341901700518,-0.1818803106975028
Ethiopia,-0.02166878658233897,-0.026639647694100366,-0.030733757722522907,-0.03529289423312336,-0.03509083263858783,-0.037457776701889545,-0.03704884517020788,-0.03820118983044514,-0.038897303669930265,-0.03929504400358749,-0.040231536643380104,-0.03752970373923047,-0.03653668101442766,-0.039248039245570174,-0.038500585237967955,-0.03220221854712377,-0.029518807552822806,-0.026363301486998975,-0.021077354644503492,-0.016728651189532196,-0.0009881743551843046,-0.0005610344203510395
Fiji,-0.1964998695032993,-0.1927842777755016,-0.19121081986654237,-0.18775105823181543,-0.18230238354959652,-0.18223565174877687,-0.1869643652506828,-0.1884434035007553,-0.1872211546012404,-0.184527354169791,-0.1836604376520358,-0.1829331129080671,-0.18429841487448922,-0.18445376843783814,-0.1854304043593339,-0.18697020381408833,-0.18565867054239638,-0.18580561700900292,-0.18549676900183312,-0.18457469684146643,-0.18477591036296362,-0.18279507083560217
Finland,-0.16538207190556337,-0.16378665808211693,-0.16295823058256712,-0.16081597388399851,-0.15790282606897396,-0.15889001707684638,-0.16190410546407974,-0.1642914062314808,-0.1642182929751431,-0.1609512604235898,-0.16124154694580026,-0.1598752968427314,-0.15952707069410396,-0.1599903078094784,-0.16053794736010832,-0.16294529927789622,-0.161413261276956,-0.16395122857252087,-0.16376643453654158,-0.1635569314081955,-0.16366771982922382,-0.1620427218560915
France,0.09770927291823929,0.08761904322192175,0.07208248281392787,0.0670868090968614,0.03586439939424722,0.038463090408383804,0.03571181014166299,0.0326907468249959,0.03297931895392848,0.03110670426013098,0.0295203833745711,0.031194118665236723,0.039131330188654806,0.034992416851195654,0.025458019815636522,0.016529218209724018,0.01324249608405148,0.02123380994504911,0.008790777679241206,0.008007675436829604,0.007165282664800831,0.008506997777046223
Gabon,-0.19444409366412918,-0.19085489272491882,-0.18981564842392343,-0.18653489587591887,-0.18095892897638796,-0.18034620236299514,-0.1849410588406861,-0.18678002958471282,-0.18552093627926494,-0.18262626562134082,-0.18185635763366376,-0.18111068916327736,-0.18261655147399306,-0.18269832494429336,-0.18322345599940387,-0.18470414295383134,-0.18349861490654065,-0.18375770312436351,-0.18345367396620477,-0.18262750052173948,-0.18356689941965879,-0.18168374938094686
Gambia,-0.1937936354935095,-0.18995683796701449,-0.18818836392251181,-0.1848616544060572,-0.17935503379754567,-0.1794631109964745,-0.18426642006213206,-0.1857179218642847,-0.18450837225469313,-0.18185922284998474,-0.18122781816769956,-0.1803394387394534,-0.18159279582653937,-0.18167577444305286,-0.18254331738900717,-0.18397597890383524,-0.182651478785696,-0.18276885869999177,-0.1824499108401141,-0.1814271313532419,-0.18136659702082297,-0.1796583425431737
Georgia,-0.1267757703895203,-0.13043839289035922,-0.12288935422821835,-0.1224569511810951,-0.12224680443436338,-0.12808980106889267,-0.1273665157248846,-0.1279428924845529,-0.13310196614091155,-0.12555956950631667,-0.12323512036393167,-0.13068002790784564,-0.13920248425631873,-0.14039182177794518,-0.13929182615857474,-0.13846826938166765,-0.13338754244032092,-0.13815385509194525,-0.12428338593914336,-0.1292293592088399,-0.12319865954860268,-0.12494915673277793
Germany,0.37330321075373396,0.34081787618721854,0.3182047249503743,0.2813345435163909,0.23084207976844248,0.21962398105252004,0.22265841806682501,0.2076806242033838,0.20778382474525237,0.19801201382080702,0.18332969838258037,0.1694474178294874,0.1708240812984193,0.17927755311886842,0.1558968753545375,0.16209982556383307,0.15089600411802825,0.1428885248917934,0.14120371268084805,0.127706302035935,0.12745678362907742,0.12368959358852241
Ghana,-0.1289486273211666,-0.12023738816740383,-0.11393660460444813,-0.10707212656073062,-0.09826034753243648,-0.09263561510110956,-0.08568047520148445,-0.07860823501382247,-0.07642085273378124,-0.07226508142744462,-0.0725472782783654,-0.06978223113172718,-0.07000910057315418,-0.06920472679229318,-0.0698006791789668,-0.07032821993114824,-0.07054815072780189,-0.071228949301065,-0.0715583368503572,-0.07135562552754893,-0.06783473496334662,-0.06536040241677271
Greece,-0.057771730331234956,-0.0627000766359656,-0.06408899877707003,-0.06728277875176454,-0.07158019399583065,-0.07466256998407449,-0.07709912605143815,-0.0818310488980625,-0.08567713504086845,-0.08788722126725815,-0.09025886002619143,-0.08664374854570109,-0.08122335489258656,-0.08923116633632436,-0.09432281201044286,-0.09479501760787462,-0.09917886169990456,-0.10001507351444315,-0.10891898682253096,-0.10448680275725572,-0.10590411097731178,-0.10989106504278548
Grenada,-0.19984539797742212,-0.1958111676643309,-0.19410836561589356,-0.1906244135290344,-0.18491954540284003,-0.1847693306704508,-0.18965840691497468,-0.19125472756306583,-0.19009744612626617,-0.1872594352176506,-0.18640752926958698,-0.18585744708491236,-0.1873149077038106,-0.18751144583080084,-0.18853872092979476,-0.19013843426502797,-0.18878498197407192,-0.18893956274845503,-0.1885841284439333,-0.18761694606019863,-0.1878461897315675,-0.18580395901113678
Guatemala,-0.17923133867191687,-0.1760600510486277,-0.1752751173123747,-0.17225997289975908,-0.1669224032508719,-0.16753838451090847,-0.17193878548975988,-0.17423362061005165,-0.17336721590269877,-0.16819344913720627,-0.16674105041559475,-0.1652479283059586,-0.16580721211574753,-0.16461934510794668,-0.16517005110017424,-0.16648027097472148,-0.16555308025200677,-0.16566381511961928,-0.16537503139779663,-0.16409237414498226,-0.16419214396055826,-0.16571982508030356
Guinea,-0.1638478892323452,-0.1603616621271501,-0.15820563419892683,-0.15538154090738726,-0.15000447173253867,-0.15010199393013215,-0.15144662496710978,-0.1513156620560417,-0.14984647480047728,-0.14728436582074395,-0.14518797007686465,-0.14397286141795104,-0.14448646168617002,-0.144350435514651,-0.14487203184498548,-0.14598490407528006,-0.14520596845435163,-0.1455298284170603,-0.14578534579638575,-0.14512685277398144,-0.143640176899113,-0.1435058010980116
Guinea-Bissau,-0.19225008081995187,-0.1888677372960551,-0.18769402895042603,-0.18469132115996992,-0.17913859483995428,-0.1794401546891513,-0.18408795581242143,-0.18561361870170498,-0.18457512544914934,-0.18187078571594273,-0.18116767638422335,-0.18061229550925173,-0.1820419201707058,-0.18217512159045574,-0.18302071063806177,-0.1844022057647928,-0.18312563733990825,-0.18328136748740045,-0.1831261561697801,-0.1819216505829643,-0.18161367790008334,-0.18003895625701177
Guyana,-0.19645032194268108,-0.19284456278651413,-0.19102000260394364,-0.18740881120273928,-0.18182725937126668,-0.18196255886748167,-0.18676778620870832,-0.18829288696053703,-0.18680117579388097,-0.18404596138296853,-0.1832392138531506,-0.18271979694899956,-0.18419535536404208,-0.18437840848988293,-0.18545214368420257,-0.18699801001510832,-0.18574836397937294,-0.1859206677236145,-0.18574218812706567,-0.18468817633021575,-0.18456587571592187,-0.18332615491033172
Haiti,-0.1423429386004525,-0.14028966513998734,-0.13982216487686347,-0.13794748940422397,-0.13368992451555242,-0.1329259685564643,-0.13510903410723774,-0.13530300361533204,-0.13476314468851192,-0.13230455498373955,-0.1327149111557292,-0.1311056172826022,-0.13073757474423184,-0.13028192312532916,-0.13086411767359013,-0.13151301934108098,-0.13113858561235783,-0.13105347874792556,-0.13001746843056347,-0.1289195328148055,-0.12736787114188766,-0.12826947028442442
Honduras,-0.18495825108523922,-0.1814297845487491,-0.1798589506898975,-0.17638900397541446,-0.17066792651481896,-0.16996681312229814,-0.17357619193122648,-0.17456757533767409,-0.17324853016887318,-0.17036201745225607,-0.1689497574137581,-0.16703502141403073,-0.16327836672610294,-0.1626813928859562,-0.1625139589882115,-0.16276932822611884,-0.1637895431731823,-0.163020830581045,-0.16281835382028484,-0.16165839217167105,-0.16206180011183471,-0.1627742600645784
Hungary,-0.06006387353190793,-0.07052429020575245,-0.07539669551537129,-0.07768483921008901,-0.08303922956673718,-0.093908150050852,-0.10130506295844564,-0.10150496372058172,-0.10546764980017398,-0.10374775672613414,-0.10531200145845572,-0.10805446191107393,-0.10852447977297783,-0.11062452567937275,-0.11461077537471644,-0.11558532678923732,-0.1262831431647485,-0.1224936162644004,-0.1242085764023094,-0.12304840589120812,-0.12139908184476629,-0.12646631735673647
Iceland,-0.19935426381257343,-0.19546070727100237,-0.19380516753331203,-0.19033930898793897,-0.18468572813478512,-0.1846637897739979,-0.18958216620679344,-0.1911090108143999,-0.18991224818424596,-0.18721619245873625,-0.18636994065491436,-0.18576274939469367,-0.1872606597028492,-0.18750077178244495,-0.18847635115550576,-0.19002709384264843,-0.1887056443093141,-0.1889021056744597,-0.1885767845040536,-0.1876231221800312,-0.18787486213733326,-0.1856131071598095
India,2.7947069696382023,2.711715590502002,2.702456640538374,2.6578177923582933,2.5777805088438313,2.618892909707947,2.8590430772929234,3.0509930203860702,3.092589575132151,3.0238259597135015,3.0413284318704035,3.1787249015292143,3.3091663385723296,3.466417763338392,3.588151532569292,3.6701562181755634,3.7054337262799826,3.8264689292948146,3.9327266911216334,3.9812201710152513,4.021418369457593,3.8516092383137828
Indonesia,1.6403999996504672,1.6369913395672966,1.653497518789704,1.6368039629623932,1.640161619890402,1.6898703891433717,1.8328202729611418,1.9210180934815149,1.9445307237570806,1.959144281651814,1.9727237293447355,2.006229591300402,2.0629792729525085,2.093694665047292,2.122599189784809,2.15719295666633,2.1463683141129404,2.1575438213663336,2.157520660898103,2.1578946348031467,2.077366560840273,1.8361068693940235
Iran,-0.03287204822343723,-0.033459199313072695,-0.03594495479021123,-0.04071571634249596,-0.03919492252381636,-0.039711969846558004,-0.03642550114011816,-0.034682758015212256,-0.037874076003283755,-0.03855313276742585,-0.04073574453773487,-0.039648093965376545,-0.03786873833975895,-0.030859812097438523,-0.024051200017434663,-0.0186863237220058,-0.013983394968213655,-0.010589016754577144,-0.009860801810824127,-0.0050953655783394355,-0.009947797667410795,-0.010057380318360905
Iraq,-0.0918536986833978,-0.0930882220553722,-0.09439538270519018,-0.09482418137098564,-0.09230292227474249,-0.09250060876715578,-0.09515689026557833,-0.09674529350275579,-0.09580687205303348,-0.09347562517781166,-0.0938505389011175,-0.09185606000493725,-0.09072271766438568,-0.0896743434915594,-0.09023994591926489,-0.09190542725863245,-0.09101404266691682,-0.09002614829726571,-0.08435970094896493,-0.07738539817275797,-0.05593160565514401,-0.0633065001570853
Ireland,-0.18214671989516476,-0.1800613611209469,-0.17913876734636736,-0.17711872570490475,-0.17250288885871354,-0.17325834077180546,-0.1776407365657841,-0.1791702062216337,-0.17779877251336274,-0.17544189123751427,-0.17541204987691336,-0.1747878373295743,-0.17647530364101788,-0.17648509555103914,-0.1782137622744531,-0.1792820493732277,-0.17910244812738657,-0.17988332425603784,-0.17999380139453663,-0.17917290131975264,-0.17987897085180563,-0.17739780954643602
Israel,-0.1801268470867069,-0.17607970488866143,-0.17517168604574662,-0.17439527825381398,-0.167896056739469,-0.1678001445316264,-0.17284300028878924,-0.1741007033055253,-0.17651979817662003,-0.174111807687061,-0.17258798834224023,-0.17089521203035835,-0.17160327196846725,-0.17304181087020348,-0.17398244100756766,-0.17491144641705872,-0.17475398580714177,-0.1763499108243195,-0.17628724917064162,-0.17519945434644216,-0.1753974367313904,-0.17203298840061484
Italy,0.28193289188529813,0.24865982912729412,0.23229131405883033,0.2489763331097973,0.18994172873344156,0.2041771758512415,0.19946349394286714,0.205910793372142,0.21023706488808358,0.20258843098318016,0.18138035282565815,0.18849306362153287,0.19491381805293176,0.17398188358728867,0.16465125497792302,0.19136900273606,0.15277073842313593,0.1701107185760308,0.1394890671355097,0.13139226405738796,0.14854695453627317,0.11639933315066
Jamaica,-0.185218461918194,-0.18183020672398154,-0.18125297147565655,-0.17817695595040345,-0.1735217142519499,-0.17276184524405386,-0.1805470323616525,-0.1773990831388201,-0.17714551900479894,-0.174946575816171,-0.17553678624898852,-0.17349797949399615,-0.17570887525674533,-0.17543093120166267,-0.17376237393817515,-0.1750343486693842,-0.17370482724465283,-0.1741867787567794,-0.17400794233739109,-0.1725072568587407,-0.17310878516358694,-0.16881778091340613
Japan,0.7638394265467813,0.7279992527714666,0.6888826955279719,0.6614242460476769,0.6195545109852957,0.6395409870769936,0.6471571663795209,0.6511934246543032,0.6414154677679547,0.6017410416099909,0.6020899972907825,0.6143586544543361,0.6136390555944083,0.6006861241306629,0.5752937907701922,0.563098773579305,0.5376718166925712,0.5360966432708251,0.5186981160970913,0.5034159978881884,0.48253055674176026,0.49193894143154615
Jordan,-0.18720697987257498,-0.18310704458071753,-0.18160194013110934,-0.17927804306188772,-0.1735214216878007,-0.17259748970706665,-0.17624321388853892,-0.1789891679300057,-0.17892435909461316,-0.17680335970985356,-0.17632250395292226,-0.17549537676915328,-0.17669212027417072,-0.17685903721229365,-0.1776708604181071,-0.17913203462967897,-0.17756192797924003,-0.17776429217129405,-0.17770484878950382,-0.17650653612456818,-0.1745358865869768,-0.1733847302456286
Kazakhstan,-0.04192788137498669,-0.04795638788339861,-0.05188685810634612,-0.04419137777898429,-0.04552682989250924,-0.04437738890143215,-0.04684486128299748,-0.047959535271087886,-0.052397293796783956,-0.049806279101541256,-0.033519019663781076,-0.039782292465827124,-0.04867636647957119,-0.05925208078649391,-0.06601768789259496,-0.0711489942390114,-0.06858078036191782,-0.06820603503728612,-0.06974049250805305,-0.06987185301682228,-0.07292920138076871,-0.07740223553066261
Kenya,-0.15885819490454983,-0.1559498051741266,-0.15302301177659247,-0.1502523947123072,-0.14365729251525663,-0.141603859545261,-0.14154899523845624,-0.13899102806541427,-0.1351613142391988,-0.13043349449025174,-0.12681737317087058,-0.1227964886364466,-0.12663711566294147,-0.12222849946114712,-0.11886807920367756,-0.1152731573806966,-0.11369488149353875,-0.1088452856393385,-0.1006321179456248,-0.099949771422878,-0.09954498476990459,-0.10198013383033203
Kiribati,-0.20002229448382963,-0.19608645377389408,-0.19437071537994893,-0.1908149290155574,-0.18510778117644683,-0.18506741396224968,-0.1900184460352897,-0.19152911564680797,-0.19030198321577776,-0.1875543472937934,-0.18670205052270647,-0.18604614743643072,-0.18748548493097156,-0.1876820556200957,-0.1886831653744436,-0.19021537824331827,-0.18885673672365316,-0.18901710056630827,-0.18868891660102227,-0.18771887889013059,-0.18788424294291647,-0.18565925001970346
Kuwait,-0.19882171367563636,-0.19499497081929426,-0.19303083939198587,-0.18953615308240537,-0.1837183940318111,-0.18347877937825216,-0.18819421936249583,-0.18966747341818035,-0.18814612011972978,-0.185767943497498,-0.18517791894068855,-0.18481936347525504,-0.18606433929371657,-0.18614709246963967,-0.18709055638493338,-0.18837872374725398,-0.18711306235547773,-0.1871737771081859,-0.18670523075068918,-0.18537120147830544,-0.1849822350868934,-0.18298223748664547
Kyrgyzstan,-0.15840516894696388,-0.15810696301055466,-0.15509694291578546,-0.15375486448624182,-0.15107256492850332,-0.15063800917681988,-0.1545340686856168,-0.15734487713946163,-0.15839895673063534,-0.15791010868821023,-0.15972146336843937,-0.16012295881421468,-0.16234329019228982,-0.1644813990731835,-0.1658129306003014,-0.1687009516524406,-0.16991501073502785,-0.1697820278168744,-0.1703721440417398,-0.17015238292467588,-0.17154473457846206,-0.17170910600945843
Laos,-0.16458221302364973,-0.1610581492192541,-0.16026780306799646,-0.15824036742308772,-0.15322326250223386,-0.15289499194870737,-0.15665337739535531,-0.15851294948877606,-0.15762008913322567,-0.155665142865938,-0.1552097886922414,-0.15405402421226624,-0.15444558795749652,-0.15361020162744723,-0.15315244768500427,-0.15460239840719633,-0.15458569499424743,-0.15530305447787707,-0.1553440316049905,-0.15477465012248545,-0.15395932803518902,-0.15310512498705578
Latvia,-0.15234761787460632,-0.14743631753770267,-0.14752645180765098,-0.14702220281461276,-0.14565023949972886,-0.14532836058605356,-0.15037962100797186,-0.15575916138930446,-0.1567227165416866,-0.15686030664881007,-0.1566550998407227,-0.15848819287756472,-0.15728098131809115,-0.15790356051996957,-0.15902096099534183,-0.1593012995246806,-0.15707832370840671,-0.15713018933471978,-0.15805712414083495,-0.1597613566860623,-0.15904012073599827,-0.1562290848390637
Lebanon,-0.1877250585383996,-0.18475498928899928,-0.18429946336298264,-0.18171413674629233,-0.17657994581655434,-0.17648454465060082,-0.18089340914706145,-0.18199026836600107,-0.1806618097940019,-0.17794584165955987,-0.17718044962566537,-0.17606831227474556,-0.17696324336518257,-0.17596288377546412,-0.17572710901808442,-0.17695170473847124,-0.17606486812106067,-0.17646808761366098,-0.17646109228480814,-0.1755104622590532,-0.17541625134145847,-0.1739445692634191
Lesotho,-0.1896696107853057,-0.18751916623192333,-0.18535225046440262,-0.18113790946589928,-0.17566129438801018,-0.17467890031585712,-0.17832592705835043,-0.1791593759227464,-0.1790976282166854,-0.1768014129007892,-0.1735942066427074,-0.17253999796725775,-0.17541308335495148,-0.174741434340379,-0.17427539875446102,-0.17512476217956155,-0.17396689052959816,-0.17459009821969496,-0.17428810816324833,-0.17334720915596685,-0.17333641544596,-0.1721762440736263
Liberia,-0.1894691464545151,-0.18601534968388883,-0.18384405894798986,-0.1814619803206071,-0.17534450592723702,-0.17547440901114733,-0.17924435312538475,-0.18026203572821287,-0.17876097040926547,-0.1754551059414663,-0.17416676798712835,-0.17258164178332333,-0.1738248679043908,-0.17437420041443008,-0.17606476607199384,-0.17704165577545075,-0.17563501869060405,-0.17571224740219019,-0.17555745884647986,-0.17451906076245505,-0.17420633941682642,-0.17255068118417152
Libya,-0.1891977719152736,-0.18474903357989816,-0.18297767825787234,-0.17967068490217242,-0.17460642509159016,-0.17437791116237172,-0.17929802658394434,-0.18012862613737346,-0.17849233097417497,-0.17523847918739618,-0.17427224742276354,-0.1725733014362949,-0.17513646531556643,-0.1756371211521438,-0.17521513047946602,-0.1762234250701757,-0.17434688512221486,-0.17370430261588266,-0.1730849625499768,-0.17237240262483178,-0.17237602235006194,-0.1708550738197009
Lithuania,-0.16461046684820257,-0.1611893733431156,-0.15903583312333885,-0.15813514013937,-0.15340939181396626,-0.15231480760438515,-0.1530881179105349,-0.15587281799183234,-0.15419609608220583,-0.1526441081575568,-0.1524872742458223,-0.15212352347056635,-0.1534835627938955,-0.15217807097563288,-0.15552784674939799,-0.15597137688194684,-0.15582346442452363,-0.15768060177822807,-0.15788487038679166,-0.16000453469129505,-0.15886633733765107,-0.15697204197800801
Luxembourg,-0.19765551983927687,-0.19383658539912513,-0.19232849122978407,-0.1889818101591113,-0.18353425415629335,-0.18354549796257372,-0.188522603340774,-0.1900783478822185,-0.1888828151213639,-0.18614385462956082,-0.18536597767132756,-0.1848638453260734,-0.18643706047273584,-0.1867803026824893,-0.18785474596795068,-0.1894719525777935,-0.1881280412107529,-0.1883430965254443,-0.18806544898855126,-0.18712983817427528,-0.187394957083343,-0.18514036343887166
Madagascar,-0.11786630583150785,-0.11603914264747406,-0.11304235244816878,-0.1100908304630155,-0.10461647921268462,-0.10410040179893985,-0.1033120233606083,-0.10337103652602687,-0.102052512994267,-0.09907688982703275,-0.09704892520929201,-0.0935363503357841,-0.09314768514701693,-0.0905248843283108,-0.08751293943206204,-0.08778172718095928,-0.0848858022480291,-0.08370070354967418,-0.08149583842350129,-0.07858206166935604,-0.06945756133034617,-0.07135487376886283
Malawi,-0.1454031034465918,-0.14229594501252021,-0.14151906411829857,-0.13696396992226606,-0.13129540397986372,-0.13190368641516134,-0.12979932622666432,-0.13064215987485303,-0.13376437712741523,-0.1339764510105224,-0.13741528067758374,-0.13705141592772802,-0.1388152657666977,-0.14013628622686797,-0.1404687722814114,-0.14046540207738178,-0.1387425518668759,-0.1371321868829099,-0.13628184914792155,-0.13400172756153253,-0.1319108309892576,-0.1319350507697203
Malaysia,-0.11213091727081964,-0.11212875640076542,-0.11066528715177537,-0.10586386688934205,-0.10043913126449193,-0.09864296108279925,-0.0975179125165346,-0.09521963668279201,-0.08865060427587426,-0.08041560405511808,-0.07794702734768258,-0.07845092140533089,-0.08072641280619337,-0.0785877985784465,-0.07529921708077732,-0.06922348707981248,-0.0683157178642534,-0.06445586181670951,-0.06326620664338801,-0.06198500169605159,-0.08041481924168915,-0.05270532083308909
Maldives,-0.1991125213332288,-0.19519296505963393,-0.1934956408380011,-0.1899357857589856,-0.1842563024765631,-0.18422273808722428,-0.189102886618883,-0.19060921713506518,-0.18941316563652458,-0.1866828257693169,-0.18583456312470029,-0.18519114602786288,-0.1866904711237786,-0.18690063362105863,-0.187888982498292,-0.1894052986281551,-0.1880502314468143,-0.18818863494013113,-0.18788338504616123,-0.18492018361436005,-0.1852267190199753,-0.1831802521216233
Mali,-0.16474911732381298,-0.1620090774390673,-0.16101502684773406,-0.15915245879506973,-0.15435332078500286,-0.15422099475348097,-0.15682995087550303,-0.15669585917148043,-0.15518667011040896,-0.15219592911325652,-0.15184161750302255,-0.1503319126745205,-0.15054212862107677,-0.15015898432051106,-0.15029796970198056,-0.15057737854811187,-0.14962267701118548,-0.15013007067310788,-0.15016085421558856,-0.1497272027629902,-0.14764456190842123,-0.14673055896342108
Malta,-0.19834553336427052,-0.1943838488909731,-0.19273544020589917,-0.1891898939211944,-0.18355116436411814,-0.18349906229282378,-0.1883674992440501,-0.18991423193260196,-0.1887301503246563,-0.18615588944923137,-0.18528681026596325,-0.1847890138791238,-0.18624058683994354,-0.18657411273200813,-0.18756707773593176,-0.1891345205708209,-0.1878879344264681,-0.1881181307904201,-0.18787225952529876,-0.1868915473595187,-0.18740110495592865,-0.18509582961008764
Marshall Islands,-0.20029835502324086,-0.19635340189071568,-0.19463306514400427,-0.19106593043350686,-0.1853585671651564,-0.18532504765937283,-0.19029455938403883,-0.19182879493988356,-0.19060887921989325,-0.18786506981930734,-0.1870298810712897,-0.18638537946799702,-0.187835349463034,-0.1880426401388721,-0.18904936255806032,-0.19058564584733742,-0.18923356233679306,-0.18939356928020476,-0.1890818173845846,-0.1881011538550702,-0.18829514342702322,-0.18610718351901107
Mauritania,-0.19218420117050675,-0.18863791309929717,-0.18709082905431823,-0.18388658471753472,-0.17820285766509578,-0.1784230449816503,-0.18284041385631036,-0.18412851396677957,-0.18275887224222565,-0.17943284981944302,-0.1779939250758189,-0.1766929695157294,-0.1767608071288363,-0.17665080577715428,-0.17771858230505141,-0.1794639747674273,-0.17823918416456191,-0.1784867503704709,-0.1782655640798687,-0.17739761595292985,-0.17719097256044433,-0.1756873575723707
Mauritius,-0.19566341847300142,-0.19204808595605677,-0.19039519592902232,-0.1869592092441163,-0.18147828885407957,-0.1795655716795397,-0.1850714609479593,-0.18634023329978236,-0.1850008276802212,-0.18289852391928024,-0.1822219502828335,-0.18148137125343003,-0.1833310116763101,-0.18330931213843482,-0.18452258410318695,-0.185574228466414,-0.1833725347945004,-0.1845108080204457,-0.18366078403191574,-0.18300327713450748,-0.181975130408997,-0.1801741667744737
Mexico,-0.01222835685803513,-0.013734287817414483,-0.01210321680248834,-0.015667428315898537,-0.015631162304679466,-0.014136435033658015,-0.011277960990789225,-0.0013937421681665585,0.005513271270335481,0.0054829803377263245,0.011207094648793315,0.005500695019838792,0.008402117463027044,0.009046371735896787,0.013917228384150314,0.017767027723737713,0.015742651124468092,0.015126129796050457,0.010888897458445594,0.007921639402292732,-0.016964640243677064,-0.017154660831492634
Micronesia (country),-0.19987151553719165,-0.19594801662456568,-0.19425098314113906,-0.1907047777514924,-0.1850042134676237,-0.18497134617489475,-0.18992915291786786,-0.19146511842611008,-0.19026191924979097,-0.18753169351559,-0.18669088959558058,-0.18603549032633884,-0.18746350513747856,-0.187656974522866,-0.18866136792303784,-0.19017022929737934,-0.18880942838717849,-0.1889541324896067,-0.18860572181940036,-0.18763321879332265,-0.18779197185523047,-0.18558954263968375
Moldova,-0.13385376691060508,-0.13415316718036865,-0.13451284234917885,-0.13231767775062328,-0.1315832871026941,-0.12939656706930183,-0.1353046372681475,-0.13849474192606012,-0.1410987337518782,-0.142527072398028,-0.14570143055329265,-0.14781538671591982,-0.14992330390321318,-0.15308069883523567,-0.1551231116716959,-0.15855989717939642,-0.15960914994304498,-0.16204147602638888,-0.1634693886100654,-0.16323357125591936,-0.16342016195984904,-0.15752352441487286
Monaco,-0.20011484298718193,-0.196203516545004,-0.19450655681479728,-0.19095693417717763,-0.1852575740208464,-0.18523025845115992,-0.19019928899509558,-0.19173846040143694,-0.19051597901605616,-0.18773380769299852,-0.1868328589017672,-0.18613076720732338,-0.18750074218124194,-0.18764110927066494,-0.18857720069734307,-0.19005172054043332,-0.1886836312197344,-0.18886219239889088,-0.18855047785373838,-0.18761114587809502,-0.18783272801056108,-0.18564720823849376
Mongolia,-0.18397488016726668,-0.180003127520847,-0.17827660573140278,-0.17521879876942584,-0.16997021953176414,-0.1697486991441111,-0.1741095109330958,-0.17563128298861969,-0.17436104324543317,-0.17145228952250918,-0.17036291583953483,-0.16986089316067915,-0.1717290127551784,-0.17215790634132333,-0.17370971129557883,-0.17505388816199285,-0.17399269507676615,-0.17431143098663274,-0.1747519820971403,-0.17383990240243444,-0.1767555335848967,-0.17253220327852223
Montenegro,-0.19050723331564604,-0.1865193350229353,-0.18480319536609088,-0.18158988222987463,-0.17623530524877565,-0.1764351450019307,-0.18124082280610168,-0.18308474391151294,-0.1821962295680139,-0.17961620383677687,-0.17882561654692916,-0.178009238450231,-0.17918010429240153,-0.17924459952763416,-0.1802431340635976,-0.1818020080190978,-0.1805859832338704,-0.18075460594146148,-0.18046825279407616,-0.17910034533806773,-0.1785779008164212,-0.17852101706961299
Morocco,-0.09053707045923635,-0.08778975854082763,-0.08707241067269467,-0.08458625359090377,-0.07944186078795402,-0.0760718547847826,-0.07152836998605219,-0.06759757472854283,-0.06569353003947617,-0.06217535998903085,-0.06056292917661203,-0.0553654779404635,-0.05134802207002259,-0.046880042148160606,-0.04368750677448176,-0.04184860012593035,-0.03841600037846061,-0.03594667433073953,-0.03257100419483666,-0.030452472805956806,-0.024393602278786845,-0.026988384220290384
Mozambique,-0.12798041699197849,-0.12839386413048798,-0.12719504827255282,-0.1265430038110033,-0.12161586059016008,-0.1196862234232995,-0.11321544738308362,-0.10017769828478135,-0.0955707657632556,-0.08870464509743117,-0.08366645312763094,-0.07889029552031501,-0.07662911039737273,-0.0689323927388854,-0.06039999058976629,-0.05960687721311671,-0.052026314519849064,-0.047727901000626904,-0.048155447480231685,-0.05292404314241909,-0.05105613069913413,-0.059861720263452746
Myanmar,0.1822080549201275,0.17501536850640428,0.17125715009034517,0.16376934558528514,0.16334091859410363,0.1611400856953603,0.17528042924831402,0.1691443285454257,0.15911568527517958,0.14266346519639772,0.1337310586929508,0.13166350278484026,0.1347975045133927,0.13309450389907526,0.13577009687759234,0.1395944923374375,0.1389256368558701,0.13713643574331683,0.14255373709171293,0.14472543266805662,0.15047584956001417,0.12556925335027525
Namibia,-0.19347850198209474,-0.18970166891930398,-0.18805757259277076,-0.18470809916707914,-0.17924146039481928,-0.17926899943581778,-0.18390888163704538,-0.18552051505274741,-0.18457530618884552,-0.18141788713451676,-0.18066682255087013,-0.1802175770023157,-0.18155468192931218,-0.18159598155698264,-0.18223803681625242,-0.1836209729153448,-0.1822676361465718,-0.18236397619971131,-0.18193808207491835,-0.18083524425172462,-0.18036544776959432,-0.17954000090025116
Nauru,-0.20052845141392833,-0.19657574836382444,-0.19485226527581367,-0.19128337583723784,-0.18556342058243877,-0.18553415346633179,-0.19051492552696586,-0.1920473085270933,-0.19082679104692224,-0.18807998574116938,-0.18723181867503863,-0.1865947569298567,-0.18804474207019323,-0.18825028829268053,-0.18925542113201604,-0.1907954930608564,-0.1894342266443759,-0.1895894513556886,-0.18925302983371958,-0.18828627633387704,-0.18848185855736088,-0.1862777408166617
Nepal,-0.14329688419382977,-0.1420967596303603,-0.14291621724773176,-0.14097038780828616,-0.13646056552147565,-0.13593190811942457,-0.13667087075875511,-0.13731700845785189,-0.13583908809987788,-0.13187602101272505,-0.13030918198804337,-0.12623323288385135,-0.12433765513943106,-0.12222651630462199,-0.1210821190011316,-0.1206511425800564,-0.11977411590837492,-0.11862269840738278,-0.11749309143756656,-0.11643496306912861,-0.11461766038940832,-0.11497383860630797
Netherlands,-0.11021220693661431,-0.11135305837761644,-0.11053628573270526,-0.11625127698638633,-0.11679961105290537,-0.12133314959272777,-0.1261633763572183,-0.13013848944080292,-0.13155146053393943,-0.13140630908028875,-0.13254021084045844,-0.13423029354535967,-0.13477542648820576,-0.12925283987318234,-0.13091247895244237,-0.13113882071488023,-0.13136098006492425,-0.13413913779735387,-0.13777031230607037,-0.1384800051994163,-0.1396860348485218,-0.13498442424414944
New Zealand,-0.182375369138741,-0.1783747704780534,-0.17704316550297974,-0.17517162582190132,-0.16936039881913437,-0.17065317765264423,-0.1743323167786846,-0.17605667989889315,-0.17559856794518502,-0.17362622631103947,-0.17313811217513356,-0.17137825712908855,-0.17305896563219655,-0.1745346611085669,-0.174144962805249,-0.17636164674717955,-0.17613469884738817,-0.175552650122678,-0.17613214954482473,-0.1755089048027476,-0.17675972049812314,-0.1742286411106625
Nicaragua,-0.19394000408704656,-0.19031848185854403,-0.18809132519399424,-0.18477290118004455,-0.17963601240645452,-0.17888571627937133,-0.1843522975958274,-0.18552586866640194,-0.18395597149659834,-0.18111123520977374,-0.18087674050665725,-0.1800540714491124,-0.1814702701691955,-0.18139218305995827,-0.1825891792267649,-0.18459765850002913,-0.18304465859649283,-0.1835239173927801,-0.18265576037883086,-0.18180070604502613,-0.18391706316253165,-0.1824507900823105
Niger,-0.1683026904231186,-0.1638595162567874,-0.16257985625180596,-0.15910157766481453,-0.15441879664159783,-0.1524785238518013,-0.1558748072834086,-0.15491907479606662,-0.1545143786871807,-0.1500327882659013,-0.14768200357471215,-0.14399498650520703,-0.14274427076736332,-0.1408237999316265,-0.13993052054803196,-0.13915567798110426,-0.13667139742312748,-0.13609014336536746,-0.13472356375539435,-0.13298852167665598,-0.13069296922938553,-0.12979114657633659
Nigeria,0.217839021975457,0.21727754350981834,0.19894387190077803,0.1784183694880763,0.16775536052882248,0.15567799560052137,0.1681145345900771,0.16827673545444563,0.15602895249723361,0.1545454308583,0.1444163452716183,0.14360855938278114,0.14511315940310668,0.14850742142804071,0.14654117670503847,0.1465426318526074,0.14570023591018114,0.14105759408706442,0.14183277045651108,0.14283591593702666,0.17268901419321753,0.180999233193682
Niue,-0.20058785335725646,-0.19663418048756104,-0.19490871138732951,-0.19133103510380903,-0.18561543848816972,-0.18558680768009075,-0.1905705507476549,-0.19210490602572142,-0.19088276010617297,-0.18813426041811507,-0.18728328616282114,-0.18664381438772534,-0.1880928520969079,-0.18829753408048527,-0.18930099233708833,-0.1908361328931165,-0.18947315982080482,-0.1896280248849446,-0.18929073603250476,-0.18832424604449974,-0.18851980577090668,-0.18631957562551937
North Korea,0.004969677235499662,0.005734594361440859,0.014721726945266562,0.012884362912607633,0.016275357193554704,0.021027513468879714,0.034650173528381,0.054985224763514653,0.07097875563782423,0.08051612837133246,0.09085702216825348,0.10269075894219928,0.11027255615633967,0.11836612534008067,0.12450447647265238,0.13412597800960088,0.13371645707416593,0.12450106497625704,0.11736013211242087,0.12219988841479688,0.11605915784433801,0.11156476561189868
North Macedonia,-0.174004036570809,-0.17204451344901137,-0.16883680862899272,-0.16687015969567748,-0.16225594655801676,-0.1615143588831384,-0.16608850049189824,-0.1652826247228282,-0.16542955017238334,-0.16373932698060314,-0.16242888454035145,-0.1599937992734271,-0.16252877392833565,-0.16417931767189867,-0.1650694340644853,-0.16644616357638092,-0.16799189290398014,-0.16865708749622746,-0.17038940778100917,-0.1631867401559717,-0.16342254691042105,-0.16488748885841512
Norway,-0.16760068625063182,-0.16652608574499853,-0.16536911240556512,-0.16502032362200297,-0.16165186010271165,-0.16266054696675278,-0.16716142072999104,-0.16935069420659318,-0.16752106993659083,-0.16678036072755453,-0.1671578792379952,-0.1663583528422723,-0.16826848133178077,-0.1703682242336534,-0.17203566702761675,-0.17432641782179353,-0.17462886770672845,-0.17551530469420873,-0.1759822564435494,-0.1755515468822871,-0.17581586305952432,-0.17437194868790334
Oman,-0.19532664666668523,-0.1918080047047358,-0.1904410304272747,-0.18718954210258337,-0.18177834264551743,-0.18174525853056686,-0.18642311721516264,-0.18779598546329151,-0.18649174943401894,-0.18401439947844034,-0.18238115252313153,-0.18137862281156583,-0.18251840234294325,-0.18248618552423676,-0.18303384723544233,-0.18429074972411383,-0.18248986083238053,-0.18268060291163615,-0.18274202426965622,-0.18197863200159328,-0.18188471428286698,-0.1810577843749619
Pakistan,0.3786000448279486,0.3746701928925683,0.3701983697468319,0.3567909557354399,0.34977742268320205,0.352748188391956,0.38005961683193223,0.3862240087968102,0.38337966917302235,0.3818649452230524,0.3774585276621355,0.3885447432837433,0.400999869256981,0.4056350972261377,0.41256407446572946,0.41931308153225233,0.41503383884225503,0.41878773042622264,0.4140546455848098,0.4111808039065475,0.4296833379978935,0.4034371956761644
Palau,-0.20046615517637772,-0.19651275019644363,-0.19478885129775744,-0.19121814829510664,-0.1854965989307574,-0.1854678998198801,-0.1904447230828726,-0.19198029605272796,-0.19076154401660086,-0.18801562305361752,-0.18716959506059594,-0.18653295727513908,-0.18798213473287678,-0.18818571904934742,-0.1891886337409088,-0.19072467685243746,-0.18936377343993693,-0.18951766328242778,-0.18918227590547593,-0.1882171037917525,-0.18841174101054378,-0.1862097462762106
Panama,-0.1919306058672034,-0.18685351647805407,-0.1860300512802601,-0.18226702071244644,-0.1767345952258309,-0.1763998097238231,-0.18124917878771832,-0.1829429654533515,-0.1820741097799609,-0.1783518398407991,-0.17919028393789158,-0.17797199648398598,-0.1791669514904443,-0.17881810421846353,-0.1790199192172436,-0.1805748353886344,-0.17874916350464554,-0.17930170688799396,-0.17849174646705823,-0.1771009473794083,-0.17811665137579424,-0.17558822049430842
Papua New Guinea,-0.18343936682433992,-0.17904723621011615,-0.17741629795249025,-0.17392288008987955,-0.16828031049305178,-0.16748729946246016,-0.17062470064354823,-0.17125110398237434,-0.1701433619419168,-0.16755808145165751,-0.1661293390832763,-0.16460409985062466,-0.16500752175674757,-0.16439793151472845,-0.1636174331681765,-0.16452354687466847,-0.1628275315463046,-0.16321408898666626,-0.16205025443660148,-0.15994583470019097,-0.16108200941795098,-0.15905859199795783
Paraguay,-0.18597793850452726,-0.18306674428246655,-0.18208029375791884,-0.17855525137881215,-0.1721078102316097,-0.1715866566608084,-0.17472486493696812,-0.1767283430372751,-0.17569942069565408,-0.1720019976092263,-0.1718832885600855,-0.17150313065820877,-0.17327069651525925,-0.17349140412007868,-0.17509521543346582,-0.17637500066076714,-0.17468992715057557,-0.17376782892021453,-0.1729077214934779,-0.17232181214759476,-0.1734285805358428,-0.17015286150079786
Peru,-0.16523983801805844,-0.1684877639738185,-0.16373716135133282,-0.15965306346370955,-0.15443705264450902,-0.1524438859804985,-0.1500295236760037,-0.15427688730067915,-0.15598102107512482,-0.14752234848030787,-0.14512158280048898,-0.14341400024796927,-0.1481399593285047,-0.14657227076040152,-0.15310338888770703,-0.152561677612586,-0.15089604087165617,-0.14619406347439345,-0.1406507809045455,-0.13358384592312353,-0.14205890167096805,-0.13667349167572176
Philippines,0.01850126075505195,0.03854433110136559,0.0522466288331565,0.0668055343182583,0.09279592001130192,0.11406965951864768,0.14393305570225418,0.15630913211236536,0.1652037814479086,0.19372667411066213,0.20557498751766629,0.2161766446575147,0.21597689047794266,0.21013535199373382,0.17953978618611097,0.212478418423931,0.20685316465186437,0.2117514853696635,0.22183200653691684,0.22750321490820538,0.22379585500633536,0.37612088214011363
Poland,0.11361486681790055,0.10774278870371877,0.09031534393810757,0.07765914201139229,0.06928376810808706,0.06405710650160976,0.06725173722030535,0.06564494644337127,0.05594199612090817,0.04770454940647106,0.03873653340591868,0.03884528660137129,0.030518232441183034,0.020067939108744864,0.009268791087164269,0.0019800426423362857,-0.005235879833934174,0.007677586878992121,-0.0011067158632151353,-0.004187583373734958,0.011858070406994655,-0.0033073390995939276
Portugal,-0.03185980327500703,-0.04109627126799304,-0.0502656465161395,-0.05541410162852154,-0.06896455347616307,-0.06609155658810645,-0.07761542812724144,-0.0812305826677069,-0.08479620976168187,-0.08720117755182208,-0.08849786234309803,-0.09643404173739963,-0.09472806737330083,-0.10439554769018365,-0.110460249994375,-0.1127648761830719,-0.11367813117344723,-0.1175189149139255,-0.11880299820670075,-0.12114986665468365,-0.12088806643553672,-0.12497142364716993
Qatar,-0.1993741104015276,-0.19541074548909845,-0.19368223902544693,-0.1901761489477897,-0.1845350575979379,-0.1844882176109009,-0.18932587544217144,-0.1906570304432212,-0.1893654503567328,-0.18658837603258865,-0.18578783758523032,-0.185188192154957,-0.18662599316573933,-0.18684160555036927,-0.18784736389774126,-0.18941894158749134,-0.18798102319859833,-0.1881144464880599,-0.18779668271116395,-0.18686592988856113,-0.18703657851072217,-0.18486911193627817
Romania,0.18029058499773182,0.172685428931498,0.18528314580937888,0.17269457667871152,0.15081858787927963,0.1592777770577303,0.16212189294189955,0.14511207992180314,0.12938936719771135,0.1327761529064629,0.13646033909001098,0.1331366744978143,0.12984696522738173,0.11920593380034311,0.11245222964138152,0.10649401376687052,0.09523061605173218,0.09138560637583187,0.08432555597906585,0.05984819932796121,0.07087966118729015,0.06737116905129772
Russia,3.2359897418870367,3.1399295528584634,3.1011219100683602,3.00799121399595,2.7348644614317075,2.657865629240185,2.5705320135124565,2.4241825802733423,2.311685342579334,2.1159237653150647,2.03066837155036,1.845759924415462,1.8147183238458493,1.7609335990060528,1.7999691244948872,1.7505272089394481,1.7534889904772122,1.6612974329300565,1.619643324587795,1.5059045425773994,1.3296063831349327,1.3756143113270096
Rwanda,-0.15342622485485205,-0.15212511496392858,-0.152965542858979,-0.1539389362453968,-0.15228664763492772,-0.15409249754970494,-0.15804327600178236,-0.15912492291169944,-0.15798343616911506,-0.1553299967357985,-0.1537806117337503,-0.15163567108847945,-0.15237352476560234,-0.15324395927976092,-0.15459665962534405,-0.1563821108907768,-0.15570570288360996,-0.1556389400430484,-0.15534934774057502,-0.15446203104817893,-0.15439010310739582,-0.15062768421585618
Saint Kitts and Nevis,-0.20010836528106496,-0.1961828039122412,-0.19449089509642653,-0.1909538338932553,-0.18525008437862642,-0.1852410682566336,-0.19020337549705407,-0.1917385834730152,-0.1905224253985533,-0.1877631868116061,-0.18690207978140277,-0.1862643865170081,-0.18773012704737613,-0.1879436572970145,-0.1889698454553321,-0.19050800815925034,-0.18916226029856567,-0.18932161373865486,-0.1889896344974383,-0.1880266644793507,-0.18823843460231093,-0.18604183609425695
Saint Lucia,-0.19965912947067507,-0.1957260010241848,-0.19402737215803337,-0.19047687648825856,-0.18483241979920295,-0.18480234125920916,-0.1897364164075857,-0.1913251860416226,-0.1901380523113415,-0.1873966557595806,-0.1865992890330553,-0.1859949469727284,-0.18739201235172878,-0.1875597998531343,-0.18860899591312694,-0.19012386635929604,-0.18873993719436633,-0.1888840749219999,-0.1885448328850249,-0.187577902241779,-0.18774331886356144,-0.18557111663826378
Saint Vincent and the Grenadines,-0.20003972916093174,-0.19610491647210757,-0.1943867606506063,-0.1908596703678487,-0.1851484475931881,-0.18514209460759218,-0.19005254087998835,-0.19157649820444003,-0.1902614975238332,-0.1875535213747964,-0.18666145481886004,-0.18605101263886398,-0.1875005083536516,-0.18770707838919226,-0.18872216828082564,-0.19027867926227238,-0.18891621167776187,-0.18905165485662584,-0.1887075504783289,-0.18778219754476164,-0.18791312734428864,-0.1858033880646139
Samoa,-0.19969641073673136,-0.19577225703153686,-0.19407442123852675,-0.19052550839292304,-0.18483534544069513,-0.18479804058391316,-0.1897336717420912,-0.19124992777151348,-0.19003545241047606,-0.1873148307846636,-0.18644962851802033,-0.18579674789264986,-0.18721570634860424,-0.18741158806694685,-0.18838718504762195,-0.1899078913759057,-0.188545101545464,-0.1887059444851607,-0.18837795007208763,-0.1874240900052537,-0.18760986762933202,-0.18542100960697785
San Marino,-0.20044306973436507,-0.19649713300368957,-0.19477299780324336,-0.19120276845525652,-0.18550683867598003,-0.1854820804249101,-0.19046661941426224,-0.19199974136209386,-0.19077046050827914,-0.18802004761967286,-0.1871679758587331,-0.18652594906687212,-0.1879691573016123,-0.18817271187566784,-0.18917160266554378,-0.19070276718468993,-0.18933400766842293,-0.18948495114329028,-0.18914895414840993,-0.18818461203089434,-0.18842472574143582,-0.18622619991691516
Sao Tome and Principe,-0.20002346598387208,-0.19608109363570309,-0.19436860584237245,-0.19083249729111745,-0.18512662230765645,-0.18510455087460287,-0.19004266008420806,-0.19154326887830844,-0.19032770849920086,-0.1875908057180895,-0.18675091572178087,-0.18611130639759038,-0.18752231277645182,-0.18772918475163425,-0.18871635562711742,-0.1902395424679053,-0.1888608677147568,-0.18900035373739826,-0.18865186806849502,-0.18767940542859213,-0.1878889598451589,-0.18572755598553065
Saudi Arabia,-0.18248114870139606,-0.17854880953289742,-0.1768848223339824,-0.173747622863445,-0.16854865033071445,-0.16829193256344593,-0.17193268623310537,-0.17305834857340874,-0.17248960418460882,-0.17077025741363,-0.17125330337817232,-0.17205208766609426,-0.17437278440548049,-0.17462652791818725,-0.17492159146720182,-0.17614937154937185,-0.17426737769069936,-0.17346956789732765,-0.17286212329959819,-0.17225188773001238,-0.17380232878992777,-0.17146993132060448
Senegal,-0.16108900663241305,-0.15962778641680017,-0.15941267324495345,-0.15591351315453567,-0.15136372476980497,-0.15132582663800925,-0.1543285237363602,-0.15495193490746342,-0.1525604620783324,-0.15008564708170927,-0.1497754580974254,-0.14843263031510065,-0.1482851662621126,-0.14726538396593689,-0.1472739366102886,-0.14887437880622278,-0.1475519186898717,-0.14735891707060916,-0.14678719072922425,-0.14561315507905706,-0.14410874018816078,-0.14326470595267163
Serbia,-0.07337307877869936,-0.07783565104738673,-0.07580076784933668,-0.07475610433143337,-0.07599972654674592,-0.0755066065695289,-0.07687583226531697,-0.0775577575575404,-0.07985816027575308,-0.07748229374306102,-0.08029539050651419,-0.08506331070288912,-0.08553981221046356,-0.09160360482171913,-0.09471836309528599,-0.09373236981754213,-0.10008728362027323,-0.1015802321443706,-0.10971947626941492,-0.10738184550241393,-0.10434710924609975,-0.10186646356805117
Seychelles,-0.20025094372740587,-0.19630727823245475,-0.19457278350962215,-0.19098824096580538,-0.18526740417626011,-0.185227236355006,-0.19018294298726152,-0.1917107692963273,-0.19047778269359655,-0.18773286378557338,-0.1868914971406565,-0.18625071761493375,-0.18767523602054126,-0.18787716322528933,-0.1888760292244817,-0.19040377826228758,-0.1890324453178564,-0.1891814986034413,-0.18884270089432345,-0.18788058581896358,-0.1882291597945309,-0.18595245701131283
Sierra Leone,-0.1780479858055241,-0.17318529644005942,-0.1704359659627181,-0.16650888543390135,-0.16069862759172993,-0.15989811861311934,-0.16343196925603157,-0.1634039986164,-0.16212641173154324,-0.15955333352695442,-0.15860062870753971,-0.15784482777484343,-0.15879103989657703,-0.15947340389401476,-0.16099586821924045,-0.16231529516414128,-0.1601771329253374,-0.1598625461169104,-0.15937010001917257,-0.15866506856309057,-0.15965787593305075,-0.1570194305394064
Singapore,-0.18822556470358776,-0.18638043465178789,-0.18527355832026227,-0.18128958021857158,-0.176066846811656,-0.1758687344420024,-0.18124960573568413,-0.18217198355130954,-0.18127005911821664,-0.17912490002199044,-0.17773780203830344,-0.17608481921157265,-0.17688608026036678,-0.17745182602891035,-0.1787952601514216,-0.18215869047293043,-0.1809142555543126,-0.18125438713889855,-0.18119639895259326,-0.1805635486844825,-0.18026050994442583,-0.1774463400008801
Slovakia,-0.16494303503671942,-0.16128909838328667,-0.16028167487569628,-0.15809052036684035,-0.15428082338882668,-0.1572464035897407,-0.16247902139633275,-0.15841775362298796,-0.15338921383188808,-0.1523395210303063,-0.15290786192968997,-0.15356362339080956,-0.1552380881180932,-0.15809213537425684,-0.15835058764317492,-0.15843896043816175,-0.158468939809518,-0.1605315819318644,-0.16189542883839206,-0.1644426406975724,-0.16317392906301428,-0.1603968906475694
Slovenia,-0.1861786095706195,-0.18331185479925072,-0.1817117000104668,-0.1788277116246948,-0.17430274350470198,-0.17539542769050886,-0.18119227272313185,-0.1814996435192471,-0.17927710273499323,-0.17550525102342696,-0.17597212023553546,-0.17594592926591857,-0.17679763497431655,-0.17727480014497532,-0.17796765451644786,-0.17939419912370344,-0.17832389777664637,-0.17852002073723877,-0.17806157792888266,-0.17785545440138595,-0.17822895604828518,-0.17679286575333866
Solomon Islands,-0.19799938955761487,-0.1941087613050466,-0.19235233539693627,-0.18876175079050464,-0.1832855161166283,-0.18307079639747068,-0.1878511361756803,-0.18900793283025746,-0.18761540812517674,-0.18485742679752035,-0.18401486937407963,-0.18329858228132703,-0.18465476812218395,-0.18481347803461812,-0.18575905179999563,-0.18724670497724577,-0.18591292455648822,-0.1859903903546431,-0.18557453803682755,-0.18462383727317758,-0.1846340323033798,-0.18233483603393813
Somalia,-0.15696953010084458,-0.15450395752800974,-0.15362320717978833,-0.15137190115768315,-0.1461268264988048,-0.1457647047768951,-0.1484076093464395,-0.14907065186111818,-0.14721357939964202,-0.14502618529451972,-0.14560659158704176,-0.1471144500510717,-0.14585049493448182,-0.14402134818774442,-0.1440093177816142,-0.14459748448176574,-0.14296074649505758,-0.14202304244330882,-0.14119406803907658,-0.13973434828471135,-0.13668571403003024,-0.1387199716306118
South Africa,-0.05039003965209092,-0.050797591997363896,-0.037642365434695124,-0.03032271357641524,-0.02830357842805224,-0.02803180068052595,-0.006938095910847548,0.00015246760536749893,0.00633081716272792,0.00732595958531619,0.026804750536069,0.02008813572980246,0.024641268242201957,0.024199729072601615,0.029178234441959775,0.0329329113004426,0.02907239740432364,0.02086727768297249,0.018926894462265323,0.013247173270422064,0.04657574288485862,0.010385567549982624
South Korea,0.10892693711868277,0.09427759217152701,0.08775756158933007,0.0776551906691383,0.06364219510588869,0.04504974897588973,0.04192384205170288,0.03212080234605003,0.016673706523255817,-0.0005472312420077386,-0.000650436249918422,-0.008301826364226566,-0.007353770143790203,-0.010485795208310547,-0.019912881209880436,-0.023251338848715962,-0.03129869882930419,-0.037143626015699385,-0.03648598181695838,-0.04852149010422131,-0.044632345831774625,-0.03873794461869926
South Sudan,-0.1855975455495722,-0.1824624383323389,-0.18121563905309118,-0.17793403958660445,-0.17227849215626342,-0.17200277605431208,-0.1758139482051953,-0.17669683671323924,-0.1752902862700655,-0.1719863051482833,-0.17111971922448962,-0.1700261942052566,-0.17061669490787934,-0.16989856610599446,-0.17019561336974842,-0.17051806665589622,-0.16957242141802092,-0.16967920228736705,-0.16764847404024774,-0.1654552558231606,-0.16361657588917955,-0.16159535930330676
Spain,0.07290186366672506,0.0665630969167073,0.055865572508278824,0.0561391594580825,0.03240845612519599,0.03354689548996658,0.027674392700064828,0.030932115507376214,0.021523133311490476,0.014569092206357784,0.005948158312903576,-0.00019529864797007216,0.0010522148155282646,-0.011955022552771614,-0.015225266626901166,-0.011796340211464019,-0.022794855581220904,-0.02514625360734712,-0.02951904911961908,-0.035433647714379325,-0.03507855183370777,-0.041438885001488505
Sri Lanka,-0.05969719401862609,-0.06694338702142723,-0.06747608509492413,-0.0634711316439256,-0.059003153785102916,-0.052385188185327024,-0.04666322541982653,-0.04825010726737188,-0.046960824475353144,-0.048869273999445545,-0.05511124999040869,-0.05161597067949241,-0.0533149213031565,-0.05069651022452057,-0.052018725207910226,-0.05372965219669065,-0.05834837198709302,-0.057993148894819116,-0.05891925190088157,-0.06212221896711379,-0.09339483323150716,-0.06778220185410697
Sudan,-0.11428978511372397,-0.11282140536922644,-0.11371791587568755,-0.11512411101602574,-0.11161192207180366,-0.11319295925039695,-0.11283137719154986,-0.11249864012806078,-0.11019037806138568,-0.10728445985971326,-0.10964729878888217,-0.10473008067224669,-0.10596967952080429,-0.10337025576668782,-0.102035796595467,-0.10185253203433325,-0.09957317328908595,-0.09838850984517905,-0.09460647007987749,-0.09374411362591603,-0.08955829574356691,-0.09217085733355905
Suriname,-0.19835428515870518,-0.1942738006216934,-0.19242674454054262,-0.1888205346052678,-0.1831566123524829,-0.18318499676174924,-0.1881302991527567,-0.1897040256769251,-0.18854513312233223,-0.18588392612236232,-0.18507614053788268,-0.184456152945982,-0.18586359830740035,-0.18589680645054077,-0.18682945198036097,-0.18830744506563718,-0.1869669497660308,-0.18709802561874972,-0.18666856585681232,-0.1856620698697234,-0.18585215905775984,-0.18414317938456132
Sweden,-0.12748749112118254,-0.12782244692950767,-0.12797033529459556,-0.13021696183876094,-0.1299616625364092,-0.1343229325036217,-0.13757496357265137,-0.14047422519087657,-0.13744363487600816,-0.13803631483448653,-0.13980499131255525,-0.13997186952644197,-0.14210241403185017,-0.14505550598747027,-0.14823348948443854,-0.151960982737744,-0.15209346240252275,-0.15498648358871528,-0.15549008831976152,-0.15720449678077836,-0.1583572298888791,-0.15700240595217893
Switzerland,-0.16698909431671405,-0.16547185905955353,-0.16555999359354495,-0.16160016334671298,-0.15985095222578602,-0.1598235542022443,-0.16423414349123114,-0.16520465887799723,-0.1648535930072196,-0.16332495162096577,-0.16364877965807298,-0.1635891259525253,-0.16466525662137152,-0.1642702512313895,-0.1668728098774549,-0.16775681261905412,-0.1673913147042123,-0.16766975028645761,-0.1679005246335806,-0.16753360070489692,-0.16703129511928344,-0.16630987235957692
Syria,-0.1454822830671069,-0.1452826669521897,-0.1449806235051401,-0.14658421172322844,-0.1430966810925253,-0.14400834385635405,-0.14673476622381026,-0.14705295487125036,-0.14499481888932303,-0.14294634427743327,-0.14084891388497092,-0.1378593870461077,-0.13779168548993678,-0.1370405788911291,-0.13880170319789917,-0.14110679459363348,-0.14115606927195432,-0.1402910853974379,-0.1388801789217658,-0.13857726566043144,-0.1367175133709904,-0.13560198076497937
Tajikistan,-0.17329383189802522,-0.16960333446300513,-0.1678086967246793,-0.1648744279080096,-0.159238615461473,-0.15800518219331383,-0.16066369963825441,-0.16052043153764783,-0.15965154307173565,-0.157438803911994,-0.15849237349728257,-0.15876272930058405,-0.16066715556775724,-0.16274275408196928,-0.1636946252094214,-0.16551711273107392,-0.16481476462283778,-0.16564522613952917,-0.16565804711077137,-0.16497717044273172,-0.16408439719360493,-0.1623063953411996
Tanzania,-0.12425904373953595,-0.1250293517101704,-0.12378130507077789,-0.12198327642966325,-0.11705654088874855,-0.11555001989876672,-0.1148591970514709,-0.11372880208860997,-0.11212941376858175,-0.10866752021440264,-0.10856653937408732,-0.10731402443599392,-0.10998607758336353,-0.10658716896299239,-0.10643359226455532,-0.10476952392054734,-0.10277819990740777,-0.10129626174882024,-0.09690183493092465,-0.09145884187709452,-0.08644657123391163,-0.07276350264924634
Thailand,0.06923203641614965,0.06834345689067077,0.08406382521831478,0.08638188201177202,0.09625695389654952,0.09673410233839216,0.110481499602959,0.11107478887890543,0.1055746228563686,0.10018521230222847,0.10619491181382237,0.10939037436909657,0.10955458854016734,0.11151146146721083,0.1230679953617445,0.13077975318664328,0.14369738429194104,0.14838567148149692,0.16199933897712643,0.18136437743569997,0.19235187168141704,0.19652892671156655
Togo,-0.17682480193768857,-0.17311098242538647,-0.17144125650597702,-0.16819063748707933,-0.16307021109811998,-0.1625768581501822,-0.1656781425041836,-0.16642959029647014,-0.16454621503058098,-0.16165175772147333,-0.1609064878174723,-0.1597101116363071,-0.16049599377162038,-0.1601885068057259,-0.16073557758618717,-0.1617252371728496,-0.16021340642256263,-0.16038074882614842,-0.16001696958931988,-0.1592466979351468,-0.15842681744668022,-0.15683190055875765
Tonga,-0.20023936655051594,-0.19630191809426373,-0.19458633569041645,-0.19102118908121557,-0.18531971464614025,-0.18530488097926867,-0.1902693694540558,-0.19179378107586714,-0.19057309276004938,-0.18782400984631367,-0.18697078020329674,-0.1863281554203297,-0.1877712222463803,-0.18797503783261815,-0.18898001759932145,-0.19051829818790222,-0.18916707035670005,-0.18932462816785867,-0.1889947314109369,-0.18803815743277824,-0.18824341649906137,-0.18603088430186368
Trinidad and Tobago,-0.19515064601325133,-0.19147336002779802,-0.19003478463035173,-0.1865989684103143,-0.1811853151150528,-0.18131705075244745,-0.18619951846620875,-0.18767882132078315,-0.18644903461915482,-0.1837626121727837,-0.18292427909083195,-0.1823829395995733,-0.18367216613063203,-0.18348289666251738,-0.1843152467454154,-0.18568331433195406,-0.1839780362302411,-0.18413573487562498,-0.1838059090528215,-0.18276794011619257,-0.18272045396220127,-0.1805909058319408
Tunisia,-0.16170245918404527,-0.1582917885163263,-0.1569282772336846,-0.15419619902107182,-0.14906803240372207,-0.14863383637165603,-0.15110445666879244,-0.1515620513557285,-0.1505322614543537,-0.14774009612444536,-0.14677785282024067,-0.1459923837803642,-0.1464401496604491,-0.14571455556327978,-0.1461613946905388,-0.146724225291174,-0.1455474825818932,-0.14510892478378928,-0.1450516642801982,-0.144634105822124,-0.14266425512504605,-0.14352677040666978
Turkey,0.042239917409030325,0.029471139158526914,0.014434765909485763,0.0004992757517088706,-0.004679725532665989,-0.0073683344624483746,-0.004721626042602882,-0.0013547900136456317,0.006261895091917541,0.021396551595052493,0.02219794775043031,0.025613731474294268,0.02918792882277937,0.035065618658226466,0.04706190985290989,0.05782206262509464,0.06521392926989493,0.06189996711888356,0.0509748067922346,0.05887360761838553,0.07745761985940473,0.05822720096635852
Turkmenistan,-0.1815963216105224,-0.17621271572525327,-0.1731308682539661,-0.1686659535652936,-0.16073168734059154,-0.1577825350708959,-0.16067156767933874,-0.1626200326628511,-0.16163329359379586,-0.16242818057286676,-0.16355758389601338,-0.16239344453547652,-0.16272483836284485,-0.16227402920443984,-0.16193001979668556,-0.16307612138373467,-0.16211083288428077,-0.16202338945116612,-0.16174531651503074,-0.1606456159299133,-0.1594977662513164,-0.15753738284410984
Tuvalu,-0.20050536597191565,-0.1965554989528806,-0.1948346857960098,-0.19126513887298868,-0.1855510158625119,-0.18552229755065097,-0.19050211708799142,-0.1920363551566277,-0.19081522370636667,-0.18806765595042846,-0.18721707237235935,-0.18657726536872762,-0.1880257435784772,-0.188230340071163,-0.18923443745212942,-0.19077219597351533,-0.18941283603290768,-0.18957035997073124,-0.18923472478954192,-0.18827129253010938,-0.18846897982427202,-0.18626943613996538
Uganda,-0.13494140133235427,-0.13225428859529276,-0.13362817900006524,-0.13477644606057768,-0.13247906001476945,-0.13564852848775924,-0.14140511377397663,-0.14544705538225772,-0.1462793961566474,-0.14622488873023604,-0.14677843110662026,-0.14568865614274532,-0.14776805654605166,-0.14798456984696454,-0.15023984316489852,-0.15246126311950536,-0.15126952773856164,-0.15160680604639062,-0.1489880708612225,-0.1448936102658706,-0.1429393194243513,-0.1349188172982485
Ukraine,0.6215687401581635,0.5621836425306298,0.5369284208944096,0.5092257156300122,0.46987734645033846,0.4747208028061303,0.47951287598884945,0.4776680990572704,0.4598512370928928,0.419181204385976,0.40309159189470795,0.3643559993289823,0.3559744961141989,0.34573589586903314,0.34585916491461083,0.2967489549235461,0.2735466012973322,0.2619795794462337,0.26689233902875215,0.2550038653608348,0.23887796443032397,0.22568960513341083
United Arab Emirates,-0.19773325231268074,-0.19363587800241713,-0.1916443618011972,-0.1880116036610553,-0.18202544232594686,-0.18169626570253283,-0.18633852052536473,-0.18803966718825652,-0.1870481867119951,-0.18435922065968754,-0.1834683309167397,-0.18260558052997125,-0.18372343282981646,-0.18379168579910785,-0.184548857297948,-0.18582766377882928,-0.18455065950391022,-0.18474738489018078,-0.18445612175977968,-0.1835867861952084,-0.183784035919515,-0.18058016165646495
United Kingdom,0.219766828662933,0.2568067759558165,0.24610181731815875,0.2189052811795733,0.1772721797387311,0.15694471882689084,0.15298721922815717,0.14294805082537812,0.1371423169585297,0.11143711975784838,0.10526976926377217,0.06171208555212517,0.06569057858176038,0.0592175487277404,0.04968045222191767,0.053524877289082444,0.03508038636985161,0.02492737888390995,0.02486364777215573,0.006855104065296925,0.008145391352094194,0.006590797437829635
United States,0.9977395400485142,0.9280814323729094,0.8864725326278965,0.8087017748222254,0.7320860342634846,0.6890804076942392,0.6858010196687904,0.6873239786361236,0.6623569329125413,0.616400749841444,0.6071914084168748,0.6078618137145678,0.6142834259765179,0.614080946582769,0.6329854251017618,0.6723963362256777,0.6678727904198843,0.6827002257000391,0.6759026575778604,0.6770743630618361,0.724105592110467,0.718444223134509
Uruguay,-0.17393526262714143,-0.17043547937352366,-0.17068469962059807,-0.1658008049019868,-0.1613894300608632,-0.16263817183176688,-0.1688543304070136,-0.16837073676465703,-0.1706686517455844,-0.16872604890184265,-0.16838563905047896,-0.16801732895293536,-0.17007766385522302,-0.1706989447482865,-0.1725093983048352,-0.17314092558828528,-0.1720344355268778,-0.1750873115700325,-0.17529307701081176,-0.17250591422399447,-0.17340542001584353,-0.17200662105210401
Uzbekistan,0.027564743112760838,0.021781789312607776,0.031215562001862974,0.027171747814337694,0.01888824761021963,0.030591692272052197,0.013503989714669111,0.007707154901383845,0.00196818262287431,-0.00844496366238536,-0.00744853961369511,-0.006164033247424078,-0.012120170202399845,-0.021823034437453995,-0.02541223288321011,-0.03749834599046627,-0.04030386331282921,-0.04291223870203381,-0.05582290435325704,-0.06293402964005951,-0.05274223775464437,-0.06605477719704357
Vanuatu,-0.199339447782625,-0.19537977580177263,-0.1936546871861906,-0.19010393056936295,-0.18440082916627673,-0.18435233951844118,-0.1892132831643294,-0.19070847436293603,-0.1894893775417476,-0.18671397471434661,-0.1858783394036344,-0.18521141770466812,-0.18661646469143256,-0.18681389968715045,-0.18781795186997777,-0.1893293374054102,-0.18798837975809798,-0.18814425584351968,-0.18781241189583156,-0.18685126831713253,-0.1870246007589605,-0.18487746851720385
Venezuela,-0.1495101069482967,-0.14597915404429368,-0.1478497863852806,-0.14331432403335162,-0.14117997632533924,-0.14022659734033788,-0.14108667158404528,-0.14053803780420704,-0.13834787557600212,-0.13637674859844462,-0.1341025671521665,-0.13124520225717534,-0.13199521643893397,-0.13335074119171247,-0.12960986325643437,-0.1281238423198742,-0.11833551240375818,-0.1213264181121373,-0.12121444115226386,-0.1192684057321309,-0.10794642365047728,-0.10378551863988211
Vietnam,0.5025313115228648,0.5051523015746052,0.5064291101661142,0.5009177449865394,0.5125547906405185,0.5336356374513946,0.5921893845652855,0.6317559303336313,0.64491223866997,0.6541205294286159,0.6626565321127796,0.6806554937926051,0.6993466297598981,0.7129998608064728,0.7283253849952059,0.7447314800537865,0.7388987878992939,0.7355634333055957,0.7331691662049213,0.7331094390162834,0.6630869497189726,0.7218400054356331
Yemen,-0.12273802321385338,-0.1215105864241336,-0.12227273000207849,-0.12255178339519082,-0.11917698732944994,-0.11882190392327349,-0.12021044086986146,-0.11894586782705828,-0.11789410637827744,-0.11572971758088733,-0.11572462600915183,-0.11427751917581863,-0.11396447866249075,-0.11219034441223458,-0.11138760076698151,-0.1121642969265294,-0.10923431652430309,-0.10802524925037944,-0.10658925890950954,-0.10412289503564418,-0.10112710798047515,-0.1030022319147313
Zambia,-0.1730637355073377,-0.1702575360204911,-0.16962456110035096,-0.16802528901122013,-0.1632023915807366,-0.1639525511897946,-0.16675673505096508,-0.16835996800155884,-0.1671650127351141,-0.1650859289109964,-0.16428466336105785,-0.162064464180466,-0.1630087635144284,-0.1632385432132535,-0.16370677365567157,-0.1645789280401096,-0.16312886754119424,-0.16340757068333964,-0.16245943246004635,-0.1602848768263028,-0.15618581189141537,-0.15041851017156768
Zimbabwe,-0.16804227285486226,-0.1636228099072904,-0.1608652496798048,-0.15676116725283726,-0.15000558347630571,-0.14945712510466896,-0.1525629109200161,-0.15280821262145214,-0.14988274323284428,-0.14680403492977478,-0.1404267648278784,-0.13904643852074514,-0.140418563096836,-0.1393692129485716,-0.1398153718780725,-0.140016976502928,-0.13824751200146848,-0.1383439316000736,-0.1373252366660495,-0.137888494035628,-0.1339894479100193,-0.13445064114949362
